Bigram	Count
aa	8260
ab	648902
ac	1256286
ad	1201618
ae	42094
af	217128
ag	607886
ah	47453
ai	1094614
aj	42231
ak	362016
al	2962519
am	848158
an	5842280
ao	12208
ap	540860
aq	9505
ar	3283567
as	2762100
at	4074150
au	333545
av	655463
aw	203664
ax	48790
ay	751064
az	45803
aA	46
aB	78
aC	205
aD	104
aE	24
aF	105
aG	102
aH	26
aI	56
aJ	12
aK	38
aL	64
aM	128
aN	49
aO	46
aP	63
aQ	8
aR	181
aS	250
aT	217
aU	7
aV	43
aW	90
aX	8
aY	1
aZ	30
a1	57
a2	190
a3	34
a4	15
a5	8
a6	7
a7	4
a8	5
a9	6
a0	13
a`	4
a~	3
a!	1908
a@	7
a#	8
a$	2
a%	0
a^	3
a&	30
a*	9
a(	61
a)	8253
a-	13964
a_	4089
a=	47
a+	35
a\	31
a|	0
a]	172
a}	65
a[	22
a{	1
a"	8793
a'	25788
a;	3342
a:	1781
a/	675
a?	1833
a.	55956
a>	14
a,	83264
a<	2
a§	2040080
a¶	38617
a¬	0
ba	443339
bb	43828
bc	2183
bd	5217
be	1690034
bf	299
bg	470
bh	2164
bi	288141
bj	48389
bk	421
bl	650659
bm	7790
bn	3404
bo	565869
bp	1020
bq	23
br	280146
bs	111108
bt	38781
bu	515237
bv	11298
bw	1498
bx	16
by	495568
bz	44
bA	17
bB	19
bC	60
bD	6
bE	3
bF	4
bG	9
bH	201
bI	36
bJ	0
bK	2
bL	17
bM	21
bN	4
bO	7
bP	1
bQ	2
bR	6
bS	60
bT	3
bU	1
bV	24
bW	12
bX	2
bY	0
bZ	8
b1	51
b2	90
b3	21
b4	8
b5	15
b6	6
b7	11
b8	8
b9	6
b0	4
b`	0
b~	0
b!	174
b@	5
b#	1
b$	0
b%	0
b^	0
b&	28
b*	6
b(	16
b)	3739
b-	5485
b_	134
b=	16
b+	14
b\	2
b|	60
b]	154
b}	23
b[	6
b{	1
b"	598
b'	2663
b;	464
b:	289
b/	304
b?	382
b.	8248
b>	140
b,	8504
b<	0
b§	57917
b¶	1084
b¬	0
ca	1399031
cb	314
cc	227542
cd	1212
ce	1782041
cf	611
cg	106
ch	1652311
ci	711375
cj	14
ck	497073
cl	430747
cm	3115
cn	1091
co	2012590
cp	329
cq	16895
cr	421177
cs	54808
ct	1130149
cu	408081
cv	51
cw	192
cx	115
cy	98792
cz	641
cA	1093
cB	260
cC	3865
cD	2383
cE	380
cF	318
cG	2123
cH	116
cI	656
cJ	9
cK	1574
cL	1643
cM	1109
cN	963
cO	85
cP	347
cQ	259
cR	187
cS	222
cT	207
cU	3
cV	106
cW	99
cX	4
cY	0
cZ	31
c1	2185
c2	74
c3	254
c4	14
c5	21
c6	9
c7	14
c8	7
c9	12
c0	14
c`	0
c~	1
c!	267
c@	12
c#	2
c$	0
c%	0
c^	2
c&	4
c*	4
c(	42
c)	3201
c-	3376
c_	172
c=	9
c+	60
c\	8
c|	1
c]	206
c}	5
c[	11
c{	33
c"	1662
c'	5070
c;	994
c:	674
c/	385
c?	448
c.	24334
c>	4
c,	21659
c<	36
c§	296250
c¶	4086
c¬	0
da	438255
db	8594
dc	8638
dd	143835
de	2117074
df	12548
dg	92424
dh	14662
di	1270297
dj	10034
dk	1720
dl	115371
dm	47960
dn	59843
do	582084
dp	3157
dq	3227
dr	261974
ds	383072
dt	7264
du	354980
dv	59239
dw	30217
dx	30
dy	147298
dz	729
dA	50
dB	312
dC	67
dD	8
dE	64
dF	38
dG	18
dH	25
dI	67
dJ	0
dK	3
dL	84
dM	80
dN	39
dO	8
dP	207
dQ	0
dR	36
dS	245
dT	48
dU	33
dV	18
dW	16
dX	8
dY	1
dZ	5
d1	72
d2	48
d3	33
d4	36
d5	25
d6	27
d7	14
d8	11
d9	32
d0	9
d`	0
d~	0
d!	6077
d@	6
d#	3
d$	0
d%	0
d^	0
d&	9
d*	25
d(	74
d)	11046
d-	53606
d_	1892
d=	83
d+	6
d\	9
d|	6
d]	391
d}	33
d[	47
d{	34
d"	10160
d'	45427
d;	19550
d:	22337
d/	2856
d?	9888
d.	318596
d>	5
d,	384975
d<	1
d§	7342363
d¶	123598
d¬	1
ea	2162691
eb	92214
ec	1281915
ed	3669892
ee	1218940
ef	447587
eg	332117
eh	81950
ei	541476
ej	13344
ek	73164
el	1582751
em	1039284
en	4083652
eo	212329
ep	479055
eq	123053
er	6165354
es	3650832
et	1228667
eu	51430
ev	736941
ew	369899
ex	538962
ey	506635
ez	15868
eA	76
eB	359
eC	353
eD	116
eE	26
eF	252
eG	354
eH	50
eI	95
eJ	22
eK	116
eL	225
eM	865
eN	102
eO	53
eP	300
eQ	18
eR	141
eS	564
eT	266
eU	10
eV	388
eW	309
eX	519
eY	19
eZ	14
e1	102
e2	58
e3	29
e4	35
e5	21
e6	34
e7	62
e8	5
e9	6
e0	1
e`	3
e~	1
e!	14475
e@	19
e#	14
e$	0
e%	1
e^	3
e&	21
e*	79
e(	425
e)	22925
e-	117717
e_	5155
e=	236
e+	33
e\	5
e|	6
e]	825
e}	53
e[	114
e{	23
e"	25454
e'	139957
e;	34281
e:	23876
e/	2587
e?	27885
e.	536064
e>	49
e,	657871
e<	73
e§	13909283
e¶	250245
e¬	1
fa	462444
fb	251
fc	433
fd	292
fe	655253
ff	439514
fg	1787
fh	402
fi	795616
fj	156
fk	288
fl	180186
fm	841
fn	818
fo	1371750
fp	291
fq	10
fr	562365
fs	16079
ft	294989
fu	276521
fv	31
fw	875
fx	44
fy	23891
fz	43
fA	2
fB	20
fC	7
fD	58
fE	4
fF	0
fG	7
fH	1
fI	22
fJ	2
fK	5
fL	20
fM	21
fN	0
fO	13
fP	12
fQ	0
fR	35
fS	23
fT	53
fU	1
fV	5
fW	16
fX	0
fY	2
fZ	0
f1	106
f2	9
f3	13
f4	11
f5	14
f6	18
f7	15
f8	23
f9	3
f0	2
f`	1
f~	0
f!	855
f@	10
f#	0
f$	1
f%	1
f^	0
f&	1
f*	19
f(	134
f)	1364
f-	28872
f_	189
f=	68
f+	0
f\	7
f|	9
f]	55
f}	3
f[	13
f{	31
f"	1001
f'	3088
f;	1886
f:	1194
f/	122
f?	1280
f.	29399
f>	241
f,	31562
f<	0
f§	3044588
f¶	49070
f¬	0
ga	463646
gb	4722
gc	413
gd	10951
ge	1083324
gf	2872
gg	91703
gh	777371
gi	423975
gj	182
gk	1111
gl	193345
gm	17305
gn	180864
go	368955
gp	703
gq	80
gr	489703
gs	169830
gt	37209
gu	230098
gv	177
gw	3140
gx	156
gy	60704
gz	425
gA	28
gB	21
gC	51
gD	10
gE	7
gF	9
gG	56
gH	2
gI	9
gJ	1
gK	3
gL	6
gM	10
gN	6
gO	4
gP	13
gQ	1
gR	17
gS	27
gT	19
gU	2
gV	12
gW	16
gX	4
gY	0
gZ	1
g1	45
g2	28
g3	10
g4	18
g5	12
g6	18
g7	7
g8	4
g9	4
g0	1
g`	0
g~	0
g!	2770
g@	14
g#	1
g$	0
g%	3
g^	0
g&	4
g*	11
g(	62
g)	4971
g-	27266
g_	713
g=	190
g+	4
g\	3
g|	58
g]	164
g}	27
g[	32
g{	2
g"	5060
g'	16313
g;	6736
g:	5722
g/	1883
g?	5564
g.	112091
g>	7
g,	130726
g<	10
g§	2229377
g¶	37102
g¬	0
ha	2852182
hb	15292
hc	3724
hd	10305
he	9111069
hf	6316
hg	822
hh	1652
hi	2284181
hj	156
hk	1641
hl	38690
hm	32770
hn	73324
ho	1416535
hp	2117
hq	1007
hr	257324
hs	47777
ht	443995
hu	189687
hv	736
hw	15151
hx	3
hy	109176
hz	123
hA	15
hB	24
hC	66
hD	331
hE	70
hF	3
hG	20
hH	11
hI	12
hJ	0
hK	61
hL	6
hM	29
hN	12
hO	8
hP	71
hQ	1
hR	35
hS	33
hT	82
hU	7
hV	5
hW	25
hX	7
hY	1
hZ	1
h1	26
h2	30
h3	36
h4	11
h5	18
h6	13
h7	6
h8	4
h9	2
h0	12
h`	0
h~	1
h!	4768
h@	5
h#	9
h$	0
h%	0
h^	7
h&	4
h*	3
h(	32
h)	4049
h-	30690
h_	718
h=	26
h+	11
h\	30
h|	2
h]	172
h}	11
h[	33
h{	1
h"	4497
h'	15953
h;	4939
h:	2741
h/	580
h?	3974
h.	73190
h>	9
h,	114820
h<	9
h§	1980829
h¶	31623
h¬	1
ia	788938
ib	243185
ic	1913435
id	953331
ie	1110203
if	507433
ig	774538
ih	4631
ii	7756
ij	4634
ik	173157
il	1411694
im	914043
in	7080765
io	1999396
ip	255310
iq	23842
ir	990268
is	3184918
it	3183093
iu	37554
iv	770234
iw	2448
ix	66629
iy	3122
iz	132427
iA	201
iB	95
iC	148
iD	69
iE	11
iF	120
iG	299
iH	40
iI	12
iJ	6
iK	16
iL	172
iM	113
iN	21
iO	315
iP	355
iQ	10
iR	72
iS	137
iT	145
iU	11
iV	65
iW	43
iX	33
iY	1
iZ	1
i1	34
i2	57
i3	14
i4	22
i5	11
i6	7
i7	5
i8	48
i9	16
i0	2
i`	1
i~	2
i!	275
i@	12
i#	0
i$	0
i%	0
i^	1
i&	21
i*	5
i(	17
i)	3504
i-	20175
i_	284
i=	16
i+	5
i\	10
i|	1
i]	58
i}	66
i[	14
i{	0
i"	2787
i'	6888
i;	444
i:	281
i/	151
i?	266
i.	11640
i>	13
i,	15096
i<	1
i§	76186
i¶	1661
i¬	0
ja	25044
jb	25
jc	57
jd	202
je	91661
jf	22
jg	36
jh	87
ji	6804
jj	130
jk	321
jl	121
jm	172
jn	265
jo	114552
jp	186
jq	0
jr	135
js	253
jt	156
ju	137240
jv	86
jw	37
jx	0
jy	75
jz	18
jA	4
jB	3
jC	0
jD	0
jE	0
jF	0
jG	9
jH	0
jI	0
jJ	0
jK	0
jL	0
jM	1
jN	1
jO	0
jP	0
jQ	3
jR	0
jS	1
jT	0
jU	0
jV	2
jW	0
jX	0
jY	1
jZ	1
j1	0
j2	1
j3	0
j4	0
j5	0
j6	0
j7	24
j8	0
j9	2
j0	2
j`	0
j~	0
j!	0
j@	0
j#	0
j$	0
j%	0
j^	4
j&	3
j*	0
j(	1
j)	70
j-	72
j_	8
j=	10
j+	0
j\	3
j|	0
j]	7
j}	18
j[	2
j{	0
j"	70
j'	94
j;	4
j:	3
j/	1
j?	3
j.	236
j>	0
j,	206
j<	0
j§	1234
j¶	23
j¬	0
ka	40884
kb	4584
kc	947
kd	2767
ke	774274
kf	7615
kg	7431
kh	9686
ki	332367
kj	288
kk	2169
kl	41877
km	6156
kn	165274
ko	17975
kp	3585
kq	10
kr	6756
ks	167390
kt	4912
ku	7566
kv	300
kw	7668
kx	41
ky	27368
kz	78
kA	18
kB	50
kC	9
kD	385
kE	8
kF	23
kG	10
kH	98
kI	49
kJ	52
kK	0
kL	9
kM	18
kN	5
kO	26
kP	34
kQ	0
kR	11
kS	64
kT	83
kU	9
kV	26
kW	165
kX	7
kY	0
kZ	0
k1	31
k2	34
k3	12
k4	10
k5	14
k6	4
k7	5
k8	15
k9	3
k0	7
k`	0
k~	0
k!	2208
k@	6
k#	1
k$	0
k%	0
k^	0
k&	6
k*	7
k(	26
k)	2312
k-	14658
k_	380
k=	21
k+	8
k\	11
k|	1
k]	96
k}	5
k[	15
k{	0
k"	3369
k'	12209
k;	3403
k:	1750
k/	463
k?	3138
k.	56800
k>	8
k,	71293
k<	1
k§	579977
k¶	10964
k¬	0
la	1537857
lb	28830
lc	30565
ld	861282
le	2473957
lf	168206
lg	19473
lh	4924
li	1847604
lj	546
lk	76059
ll	1902606
lm	81352
ln	14092
lo	1102623
lp	64790
lq	199
lr	32968
ls	435870
lt	358403
lu	344262
lv	100567
lw	49037
lx	79
ly	1328780
lz	1542
lA	29
lB	60
lC	37
lD	38
lE	19
lF	22
lG	12
lH	6
lI	27
lJ	4
lK	5
lL	10
lM	66
lN	11
lO	55
lP	35
lQ	6
lR	13
lS	90
lT	73
lU	5
lV	12
lW	24
lX	15
lY	2
lZ	1
l1	35
l2	42
l3	49
l4	17
l5	17
l6	13
l7	11
l8	24
l9	66
l0	16
l`	0
l~	0
l!	3149
l@	10
l#	6
l$	0
l%	0
l^	0
l&	11
l*	17
l(	147
l)	5953
l-	42387
l_	1177
l=	18
l+	16
l\	1
l|	4
l]	225
l}	6
l[	33
l{	0
l"	6665
l'	27794
l;	6807
l:	4331
l/	1503
l?	4404
l.	107519
l>	10
l,	155011
l<	1
l§	2191351
l¶	36114
l¬	2
ma	1459759
mb	283047
mc	1842
md	1325
me	2244921
mf	13422
mg	651
mh	1381
mi	844070
mj	138
mk	492
ml	13587
mm	287006
mn	21939
mo	905264
mp	676959
mq	64
mr	2903
ms	266320
mt	2841
mu	295007
mv	550
mw	2132
mx	11
my	173574
mz	186
mA	99
mB	8
mC	63
mD	7
mE	6
mF	10
mG	31
mH	34
mI	5
mJ	25
mK	0
mL	22
mM	429
mN	4
mO	12
mP	102
mQ	1
mR	304
mS	74
mT	38
mU	16
mV	78
mW	65
mX	0
mY	19
mZ	1
m1	21
m2	146
m3	64
m4	28
m5	15
m6	5
m7	39
m8	0
m9	1
m0	7
m`	0
m~	0
m!	2407
m@	16
m#	2
m$	1
m%	1
m^	15
m&	30
m*	8
m(	77
m)	5157
m-	9991
m_	703
m=	14
m+	5
m\	3
m|	3
m]	117
m}	4
m[	25
m{	7
m"	4294
m'	14782
m;	6959
m:	3478
m/	936
m?	4910
m.	110352
m>	42
m,	105525
m<	1
m§	1039080
m¶	19343
m¬	1
na	908861
nb	17076
nc	1134329
nd	4047235
ne	1994443
nf	179536
ng	3148976
nh	34145
ni	985907
nj	32647
nk	189176
nl	199741
nm	84898
nn	269081
no	1174085
np	15674
nq	17444
nr	27231
ns	1333701
nt	2884056
nu	211841
nv	148094
nw	22629
nx	7674
ny	317046
nz	12058
nA	237
nB	66
nC	175
nD	90
nE	175
nF	54
nG	56
nH	19
nI	32
nJ	15
nK	6
nL	99
nM	126
nN	42
nO	154
nP	139
nQ	36
nR	103
nS	780
nT	139
nU	16
nV	188
nW	122
nX	9
nY	2
nZ	71
n1	65
n2	56
n3	54
n4	6
n5	18
n6	3
n7	19
n8	9
n9	28
n0	12
n`	2
n~	0
n!	6074
n@	18
n#	12
n$	2
n%	0
n^	4
n&	24
n*	23
n(	225
n)	15236
n-	69641
n_	1938
n=	191
n+	24
n\	11
n|	27
n]	981
n}	47
n[	78
n{	29
n"	15516
n'	237943
n;	18505
n:	13956
n/	1834
n?	12217
n.	288146
n>	21
n,	380188
n<	20
n§	6103449
n¶	99920
n¬	2
oa	206142
ob	248603
oc	450971
od	516124
oe	106013
of	2999090
og	238904
oh	51054
oi	261049
oj	20440
ok	241471
ol	1032096
om	1651752
on	4764032
oo	762745
op	675095
oq	3223
or	3647548
os	830303
ot	1218666
ou	2870991
ov	579340
ow	1069093
ox	39561
oy	131686
oz	14230
oA	110
oB	139
oC	291
oD	173
oE	252
oF	62
oG	80
oH	200
oI	97
oJ	27
oK	34
oL	83
oM	398
oN	46
oO	17
oP	179
oQ	3
oR	75
oS	349
oT	136
oU	11
oV	105
oW	149
oX	4
oY	3
oZ	4
o1	40
o2	47
o3	22
o4	11
o5	2
o6	10
o7	4
o8	10
o9	7
o0	26
o`	0
o~	0
o!	3391
o@	26
o#	0
o$	0
o%	1
o^	0
o&	13
o*	4
o(	51
o)	2269
o-	47813
o_	780
o=	13
o+	6
o\	3
o|	2
o]	86
o}	8
o[	17
o{	5
o"	3725
o'	17257
o;	2911
o:	2235
o/	294
o?	4291
o.	49244
o>	9
o,	74053
o<	15
o§	3238010
o¶	47548
o¬	3
pa	837211
pb	4445
pc	2680
pd	3335
pe	1305652
pf	3588
pg	2223
ph	189429
pi	365454
pj	186
pk	2041
pl	752046
pm	41801
pn	2291
po	942847
pp	418792
pq	17
pr	1132855
ps	162905
pt	266073
pu	293713
pv	108
pw	3363
px	61
py	30248
pz	469
pA	279
pB	65
pC	31
pD	37
pE	53
pF	16
pG	63
pH	847
pI	26
pJ	22
pK	1
pL	16
pM	58
pN	9
pO	10
pP	8
pQ	0
pR	55
pS	74
pT	28
pU	46
pV	26
pW	8
pX	2
pY	5
pZ	3
p1	289
p2	284
p3	124
p4	101
p5	88
p6	78
p7	303
p8	31
p9	81
p0	5
p`	0
p~	0
p!	1444
p@	2
p#	0
p$	0
p%	1
p^	0
p&	376
p*	2
p(	53
p)	1594
p-	9409
p_	173
p=	199
p+	12
p\	2
p|	0
p]	45
p}	2
p[	18
p{	4
p"	1744
p'	7891
p;	12545
p:	1584
p/	380
p?	1533
p.	46954
p>	70
p,	40431
p<	16
p§	404160
p¶	6988
p¬	0
qa	635
qb	70
qc	21
qd	10
qe	54
qf	15
qg	9
qh	37
qi	1572
qj	3
qk	5
ql	14
qm	7
qn	243
qo	42
qp	2
qq	89
qr	39
qs	94
qt	67
qu	367768
qv	222
qw	24
qx	3
qy	1
qz	1
qA	0
qB	0
qC	2
qD	0
qE	2
qF	0
qG	1
qH	0
qI	1
qJ	0
qK	0
qL	0
qM	1
qN	1
qO	0
qP	7
qQ	0
qR	1
qS	0
qT	1
qU	1
qV	0
qW	0
qX	0
qY	0
qZ	1
q1	26
q2	30
q3	2
q4	1
q5	0
q6	1
q7	0
q8	0
q9	0
q0	1
q`	0
q~	0
q!	4
q@	0
q#	0
q$	0
q%	0
q^	0
q&	2
q*	0
q(	4
q)	65
q-	37
q_	4
q=	5
q+	0
q\	3
q|	0
q]	1
q}	0
q[	1
q{	0
q"	103
q'	397
q;	23
q:	31
q/	17
q?	21
q.	1022
q>	0
q,	626
q<	0
q§	3129
q¶	49
q¬	0
ra	1879640
rb	79072
rc	329387
rd	613119
re	5269816
rf	92722
rg	291578
rh	43518
ri	2090637
rj	2057
rk	314913
rl	302451
rm	488813
rn	502364
ro	2112698
rp	116749
rq	3103
rr	375666
rs	1266847
rt	1089270
ru	358635
rv	195301
rw	47219
rx	4167
ry	732999
rz	2764
rA	43
rB	165
rC	502
rD	84
rE	104
rF	32
rG	109
rH	23
rI	39
rJ	40
rK	18
rL	69
rM	78
rN	59
rO	130
rP	471
rQ	23
rR	117
rS	594
rT	83
rU	6
rV	91
rW	41
rX	12
rY	1
rZ	1
r1	185
r2	170
r3	140
r4	126
r5	73
r6	34
r7	94
r8	36
r9	21
r0	6
r`	1
r~	1
r!	5513
r@	47
r#	0
r$	2
r%	0
r^	0
r&	17
r*	50
r(	273
r)	9660
r-	62909
r_	1972
r=	69
r+	8
r\	7
r|	6
r]	405
r}	17
r[	60
r{	9
r"	10804
r'	69426
r;	14069
r:	7456
r/	1688
r?	10393
r.	240350
r>	495
r,	333230
r<	8
r§	4001803
r¶	72341
r¬	1
sa	633776
sb	28676
sc	383248
sd	15358
se	2561667
sf	46334
sg	9154
sh	1003936
si	1470313
sj	596
sk	137756
sl	183939
sm	182310
sn	55002
so	1049982
sp	504339
sq	23430
sr	15623
ss	1092678
st	3090607
su	786435
sv	2742
sw	72180
sx	9
sy	131369
sz	1035
sA	196
sB	38
sC	1111
sD	81
sE	50
sF	517
sG	41
sH	21
sI	65
sJ	19
sK	7
sL	22
sM	34
sN	76
sO	37
sP	228
sQ	4
sR	151
sS	57
sT	70
sU	4
sV	18
sW	119
sX	15
sY	5
sZ	0
s1	170
s2	69
s3	38
s4	47
s5	20
s6	33
s7	12
s8	18
s9	18
s0	18
s`	1
s~	10
s!	10500
s@	36
s#	14
s$	13
s%	1
s^	0
s&	36
s*	49
s(	127
s)	33363
s-	30710
s_	4471
s=	79
s+	54
s\	26
s|	4
s]	1015
s}	44
s[	144
s{	19
s"	30296
s'	81899
s;	44249
s:	34636
s/	2768
s?	18911
s.	681274
s>	14
s,	851430
s<	21
s§	8470692
s¶	166958
s¬	1
ta	1486568
tb	15880
tc	120296
td	7200
te	3389944
tf	22929
tg	6235
th	9554096
ti	3382711
tj	546
tk	2279
tl	345946
tm	73118
tn	31974
to	3231160
tp	9311
tq	39
tr	1166248
ts	980948
tt	568699
tu	655485
tv	1028
tw	251808
tx	161
ty	591400
tz	11711
tA	65
tB	150
tC	103
tD	115
tE	177
tF	60
tG	83
tH	54
tI	35
tJ	30
tK	16
tL	90
tM	118
tN	40
tO	34
tP	178
tQ	4
tR	485
tS	392
tT	58
tU	10
tV	35
tW	857
tX	33
tY	1
tZ	1
t1	52
t2	53
t3	29
t4	13
t5	5
t6	3
t7	4
t8	10
t9	68
t0	10
t`	1
t~	0
t!	9133
t@	19
t#	3
t$	2
t%	5
t^	0
t&	9
t*	94
t(	378
t)	13067
t-	69310
t_	2463
t=	57
t+	24
t\	28
t|	33
t]	565
t}	28
t[	90
t{	37
t"	12026
t'	112476
t;	20277
t:	13040
t/	1773
t?	21667
t.	322263
t>	175
t,	383138
t<	2
t§	6371306
t¶	108389
t¬	1
ua	362114
ub	251285
uc	512847
ud	268623
ue	396727
uf	56403
ug	443903
uh	4047
ui	317385
uj	2143
uk	14404
ul	1012469
um	355603
un	1175730
uo	22948
up	452679
uq	888
ur	1565204
us	1300731
ut	1285784
uu	1695
uv	8544
uw	1836
ux	10981
uy	18500
uz	8777
uA	20
uB	55
uC	25
uD	13
uE	7
uF	10
uG	5
uH	3
uI	36
uJ	1
uK	9
uL	8
uM	51
uN	11
uO	4
uP	72
uQ	0
uR	70
uS	40
uT	335
uU	1
uV	17
uW	8
uX	0
uY	0
uZ	7
u1	22
u2	27
u3	10
u4	2
u5	9
u6	2
u7	2
u8	103
u9	7
u0	6
u`	0
u~	1
u!	1329
u@	4
u#	0
u$	1
u%	0
u^	5
u&	6
u*	2
u(	6
u)	497
u-	2030
u_	361
u=	11
u+	0
u\	9
u|	1
u]	28
u}	2
u[	74
u{	0
u"	1105
u'	29419
u;	661
u:	258
u/	134
u?	5219
u.	13186
u>	3
u,	17515
u<	1
u§	276053
u¶	5006
u¬	0
va	337318
vb	41
vc	198
vd	258
ve	2490815
vf	9
vg	248
vh	63
vi	761577
vj	23
vk	241
vl	846
vm	36
vn	477
vo	179398
vp	80
vq	0
vr	3528
vs	3169
vt	168
vu	5823
vv	756
vw	10
vx	6
vy	18617
vz	23
vA	1
vB	12
vC	3
vD	2
vE	21
vF	0
vG	0
vH	4
vI	4
vJ	0
vK	228
vL	1
vM	3
vN	6
vO	3
vP	39
vQ	0
vR	10
vS	60
vT	23
vU	2
vV	0
vW	1
vX	7
vY	0
vZ	1
v1	59
v2	26
v3	26
v4	36
v5	3
v6	61
v7	1
v8	1
v9	0
v0	4
v`	0
v~	0
v!	4
v@	0
v#	0
v$	0
v%	0
v^	10
v&	6
v*	1
v(	3
v)	619
v-	231
v_	15
v=	13
v+	2
v\	3
v|	1
v]	14
v}	24
v[	6
v{	0
v"	95
v'	1589
v;	38
v:	44
v/	139
v?	36
v.	7261
v>	1
v,	1938
v<	1
v§	11144
v¶	183
v¬	0
wa	1378283
wb	4270
wc	3442
wd	13140
we	1044499
wf	5647
wg	606
wh	1056389
wi	1153056
wj	77
wk	5489
wl	48453
wm	3505
wn	284322
wo	706945
wp	2006
wq	45
wr	86859
ws	106349
wt	14077
wu	2144
wv	35
ww	1370
wx	1
wy	7703
wz	58
wA	8
wB	9
wC	21
wD	16
wE	7
wF	0
wG	7
wH	10
wI	3
wJ	2
wK	0
wL	5
wM	12
wN	6
wO	1
wP	30
wQ	1
wR	2
wS	14
wT	4
wU	0
wV	9
wW	20
wX	1
wY	0
wZ	1
w1	17
w2	11
w3	18
w4	3
w5	5
w6	1
w7	0
w8	0
w9	2
w0	8
w`	0
w~	0
w!	1589
w@	1
w#	2
w$	0
w%	0
w^	1
w&	1
w*	5
w(	17
w)	1883
w-	11723
w_	402
w=	8
w+	1
w\	1
w|	0
w]	36
w}	3
w[	9
w{	3
w"	1809
w'	5717
w;	2154
w:	1237
w/	194
w?	2879
w.	33887
w>	0
w,	49227
w<	1
w§	565611
w¶	10575
w¬	0
xa	70646
xb	672
xc	66669
xd	319
xe	55672
xf	4812
xg	97
xh	13177
xi	81071
xj	11
xk	15
xl	1091
xm	486
xn	74
xo	8294
xp	173434
xq	930
xr	21
xs	480
xt	129316
xu	15755
xv	315
xw	1008
xx	705
xy	4604
xz	8
xA	11
xB	33
xC	29
xD	11
xE	6
xF	11
xG	2
xH	1
xI	48
xJ	1
xK	4
xL	4
xM	8
xN	11
xO	21
xP	27
xQ	0
xR	36
xS	32
xT	9
xU	0
xV	8
xW	185
xX	1
xY	1
xZ	0
x1	547
x2	155
x3	88
x4	102
x5	38
x6	45
x7	29
x8	129
x9	13
x0	28
x`	0
x~	0
x!	114
x@	0
x#	1
x$	0
x%	1
x^	0
x&	1
x*	0
x(	16
x)	858
x-	7078
x_	109
x=	8
x+	8
x\	3
x|	21
x]	180
x}	27
x[	33
x{	4
x"	926
x'	2350
x;	462
x:	381
x/	151
x?	297
x.	7732
x>	1
x,	10266
x<	1
x§	89808
x¶	1465
x¬	0
ya	61009
yb	17792
yc	28906
yd	18978
ye	326393
yf	3962
yg	5644
yh	2608
yi	99002
yj	279
yk	1976
yl	53369
ym	58370
yn	37781
yo	443288
yp	53524
yq	32
yr	22064
ys	277314
yt	48387
yu	2775
yv	827
yw	15186
yx	430
yy	782
yz	2788
yA	69
yB	229
yC	58
yD	26
yE	42
yF	17
yG	38
yH	5
yI	21
yJ	7
yK	4
yL	21
yM	16
yN	34
yO	10
yP	177
yQ	20
yR	12
yS	717
yT	57
yU	13
yV	10
yW	44
yX	0
yY	1
yZ	1
y1	95
y2	62
y3	11
y4	7
y5	2
y6	3
y7	0
y8	1
y9	2
y0	6
y`	1
y~	0
y!	6202
y@	10
y#	7
y$	0
y%	1
y^	7
y&	9
y*	48
y(	82
y)	11417
y-	44724
y_	1817
y=	26
y+	16
y\	5
y|	3
y]	327
y}	30
y[	46
y{	6
y"	11019
y'	71933
y;	16894
y:	10396
y/	1086
y?	12203
y.	267088
y>	13
y,	364073
y<	13
y§	3937973
y¶	80224
y¬	1
za	53652
zb	1334
zc	403
zd	371
ze	115601
zf	56
zg	507
zh	1853
zi	34526
zj	31
zk	568
zl	5479
zm	673
zn	545
zo	15549
zp	190
zq	88
zr	886
zs	625
zt	654
zu	3020
zv	436
zw	350
zx	3
zy	6365
zz	14386
zA	14
zB	2
zC	3
zD	15
zE	3
zF	5
zG	65
zH	4
zI	0
zJ	2
zK	1
zL	1
zM	5
zN	1
zO	1
zP	3
zQ	1
zR	37
zS	15
zT	0
zU	0
zV	0
zW	4
zX	6
zY	1
zZ	2
z1	3
z2	1
z3	2
z4	5
z5	0
z6	0
z7	0
z8	0
z9	1
z0	2
z`	0
z~	0
z!	93
z@	0
z#	1
z$	0
z%	0
z^	0
z&	4
z*	0
z(	1
z)	623
z-	764
z_	27
z=	8
z+	1
z\	0
z|	0
z]	7
z}	5
z[	0
z{	0
z"	318
z'	1056
z;	108
z:	87
z/	218
z?	95
z.	1985
z>	0
z,	3714
z<	1
z§	17228
z¶	301
z¬	0
Aa	1464
Ab	17764
Ac	41195
Ad	24367
Ae	2416
Af	43486
Ag	17285
Ah	4066
Ai	12099
Aj	506
Ak	1889
Al	99070
Am	61903
An	137823
Ao	234
Ap	27315
Aq	1779
Ar	67983
As	78384
At	47630
Au	43000
Av	7130
Aw	3437
Ax	916
Ay	2916
Az	1785
AA	4204
AB	5310
AC	13562
AD	9038
AE	2077
AF	5464
AG	5704
AH	1127
AI	9215
AJ	561
AK	2310
AL	17463
AM	10246
AN	31108
AO	783
AP	12722
AQ	415
AR	24200
AS	14123
AT	21830
AU	3054
AV	4265
AW	2115
AX	1305
AY	6125
AZ	580
A1	625
A2	450
A3	461
A4	439
A5	167
A6	171
A7	103
A8	79
A9	79
A0	28
A`	0
A~	1
A!	49
A@	1
A#	1
A$	109
A%	0
A^	0
A&	394
A*	42
A(	45
A)	3480
A-	2289
A_	31
A=	18
A+	29
A\	0
A|	0
A]	162
A}	11
A[	2
A{	2
A"	328
A'	2386
A;	171
A:	955
A/	431
A?	74
A.	10923
A>	0
A,	4387
A<	0
A§	126430
A¶	2328
A¬	0
Ba	85616
Bb	30
Bc	82
Bd	83
Be	91925
Bf	192
Bg	22
Bh	1357
Bi	33807
Bj	272
Bk	11
Bl	25209
Bm	27
Bn	44
Bo	67375
Bp	4
Bq	8
Br	116232
Bs	388
Bt	179
Bu	131783
Bv	1
Bw	40
Bx	21
By	28546
Bz	15
BA	6676
BB	4772
BC	11223
BD	761
BE	7520
BF	513
BG	466
BH	242
BI	4498
BJ	481
BK	170
BL	3679
BM	6339
BN	579
BO	5232
BP	43977
BQ	36
BR	5231
BS	3748
BT	1363
BU	3417
BV	265
BW	172
BX	224
BY	2061
BZ	78
B1	339
B2	342
B3	142
B4	102
B5	165
B6	79
B7	34
B8	29
B9	25
B0	23
B`	0
B~	0
B!	21
B@	0
B#	13
B$	0
B%	0
B^	1
B&	296
B*	4
B(	24
B)	1083
B-	1402
B_	28
B=	11
B+	26
B\	2
B|	0
B]	33
B}	0
B[	2
B{	1
B"	211
B'	918
B;	51
B:	390
B/	155
B?	29
B.	5406
B>	0
B,	1502
B<	2
B§	10099
B¶	332
B¬	0
Ca	128204
Cb	7
Cc	11
Cd	65
Ce	27464
Cf	141
Cg	1
Ch	146809
Ci	24297
Cj	20
Ck	9
Cl	40669
Cm	215
Cn	85
Co	250852
Cp	339
Cq	0
Cr	39735
Cs	1618
Ct	112
Cu	23959
Cv	12
Cw	72
Cx	14
Cy	4504
Cz	1772
CA	13656
CB	2419
CC	5780
CD	3844
CE	13735
CF	1188
CG	948
CH	16936
CI	7930
CJ	209
CK	4545
CL	4900
CM	1952
CN	1240
CO	17342
CP	3385
CQ	232
CR	5571
CS	4752
CT	8017
CU	2834
CV	485
CW	934
CX	151
CY	1003
CZ	84
C1	712
C2	513
C3	249
C4	201
C5	123
C6	238
C7	115
C8	93
C9	73
C0	27
C`	0
C~	1
C!	16
C@	1
C#	17
C$	71
C%	0
C^	0
C&	202
C*	63
C(	29
C)	3683
C-	2395
C_	15
C=	17
C+	487
C\	0
C|	1
C]	41
C}	2
C[	17
C{	1
C"	220
C'	2871
C;	171
C:	261
C/	630
C?	43
C.	11880
C>	0
C,	4979
C<	6
C§	31949
C¶	779
C¬	0
Da	63678
Db	15
Dc	76
Dd	39
De	95481
Df	49
Dg	1
Dh	634
Di	58470
Dj	373
Dk	9
Dl	25
Dm	207
Dn	118
Do	58306
Dp	2
Dq	0
Dr	23662
Ds	930
Dt	3
Du	39067
Dv	88
Dw	1098
Dx	37
Dy	2617
Dz	180
DA	8590
DB	900
DC	2866
DD	1897
DE	13574
DF	1278
DG	1309
DH	952
DI	8565
DJ	624
DK	197
DL	1509
DM	1755
DN	4547
DO	6607
DP	2454
DQ	62
DR	3552
DS	6541
DT	1244
DU	2906
DV	1091
DW	723
DX	304
DY	1441
DZ	59
D1	439
D2	263
D3	89
D4	357
D5	88
D6	132
D7	44
D8	109
D9	60
D0	9
D`	0
D~	1
D!	107
D@	0
D#	0
D$	3
D%	1
D^	0
D&	240
D*	9
D(	8
D)	1360
D-	2159
D_	44
D=	22
D+	50
D\	0
D|	7
D]	52
D}	5
D[	10
D{	0
D"	259
D'	1898
D;	83
D:	600
D/	250
D?	118
D.	6807
D>	1
D,	2318
D<	2
D§	30306
D¶	2681
D¬	0
Ea	39651
Eb	1046
Ec	5420
Ed	26217
Ee	250
Ef	1481
Eg	6550
Eh	519
Ei	5184
Ej	26
Ek	314
El	29414
Em	19413
En	65215
Eo	307
Ep	3035
Eq	2641
Er	8588
Es	10214
Et	4911
Eu	36200
Ev	30815
Ew	679
Ex	22339
Ey	1707
Ez	541
EA	13686
EB	1519
EC	14152
ED	11053
EE	7607
EF	3416
EG	2642
EH	547
EI	2244
EJ	130
EK	845
EL	11615
EM	7644
EN	20280
EO	2714
EP	4789
EQ	622
ER	39059
ES	23403
ET	9565
EU	2016
EV	3697
EW	3969
EX	3398
EY	3035
EZ	224
E1	385
E2	305
E3	178
E4	99
E5	107
E6	126
E7	85
E8	48
E9	44
E0	22
E`	0
E~	2
E!	327
E@	0
E#	5
E$	0
E%	0
E^	0
E&	75
E*	64
E(	21
E)	1554
E-	1791
E_	51
E=	20
E+	8
E\	0
E|	0
E]	89
E}	1
E[	4
E{	1
E"	232
E'	1540
E;	96
E:	1497
E/	345
E?	287
E.	8311
E>	0
E,	3130
E<	1
E§	59755
E¶	7660
E¬	0
Fa	39175
Fb	3
Fc	14
Fd	14
Fe	33559
Ff	145
Fg	8
Fh	22
Fi	53639
Fj	37
Fk	5
Fl	20603
Fm	26
Fn	48
Fo	89990
Fp	44
Fq	1
Fr	89789
Fs	196
Ft	53
Fu	15956
Fv	0
Fw	53
Fx	20
Fy	170
Fz	1
FA	6679
FB	1213
FC	1737
FD	1020
FE	4223
FF	2825
FG	365
FH	373
FI	6557
FJ	87
FK	271
FL	3080
FM	838
FN	425
FO	7298
FP	718
FQ	9
FR	5083
FS	1489
FT	2969
FU	1848
FV	95
FW	198
FX	148
FY	241
FZ	16
F1	459
F2	264
F3	198
F4	171
F5	175
F6	63
F7	87
F8	96
F9	105
F0	24
F`	0
F~	0
F!	63
F@	0
F#	12
F$	2
F%	0
F^	0
F&	89
F*	9
F(	35
F)	1187
F-	1569
F_	7
F=	1
F+	22
F\	7
F|	0
F]	8
F}	0
F[	1
F{	0
F"	138
F'	557
F;	34
F:	103
F/	624
F?	17
F.	3322
F>	0
F,	1021
F<	0
F§	18824
F¶	502
F¬	0
Ga	39497
Gb	430
Gc	11
Gd	95
Ge	74819
Gf	13
Gg	6
Gh	2416
Gi	19084
Gj	19
Gk	1
Gl	13360
Gm	216
Gn	416
Go	73277
Gp	22
Gq	17
Gr	70384
Gs	349
Gt	29
Gu	21454
Gv	1
Gw	1040
Gx	7
Gy	1190
Gz	3
GA	4663
GB	44297
GC	1415
GD	1162
GE	8276
GF	527
GG	1164
GH	4401
GI	3965
GJ	6
GK	123
GL	2316
GM	1712
GN	1878
GO	3942
GP	1742
GQ	22
GR	4239
GS	2271
GT	1222
GU	2861
GV	116
GW	502
GX	96
GY	553
GZ	14
G1	165
G2	160
G3	110
G4	183
G5	60
G6	45
G7	89
G8	40
G9	27
G0	9
G`	0
G~	1
G!	73
G@	0
G#	1
G$	0
G%	0
G^	0
G&	72
G*	2
G(	25
G)	578
G-	1371
G_	13
G=	4
G+	9
G\	0
G|	3
G]	18
G}	0
G[	3
G{	0
G"	142
G'	473
G;	34
G:	344
G/	86
G?	46
G.	3845
G>	0
G,	926
G<	0
G§	14230
G¶	1651
G¬	0
Ha	89197
Hb	14
Hc	1
Hd	23
He	222670
Hf	4
Hg	60
Hh	4
Hi	68971
Hj	64
Hk	2
Hl	65
Hm	207
Hn	26
Ho	116407
Hp	22
Hq	1
Hr	167
Hs	141
Ht	16
Hu	28201
Hv	264
Hw	65
Hx	2
Hy	3382
Hz	1554
HA	17083
HB	525
HC	969
HD	754
HE	32069
HF	493
HG	155
HH	332
HI	11061
HJ	40
HK	189
HL	1160
HM	1329
HN	1601
HO	9373
HP	1935
HQ	675
HR	2265
HS	3316
HT	2872
HU	1850
HV	227
HW	226
HX	59
HY	980
HZ	13
H1	290
H2	161
H3	138
H4	55
H5	161
H6	24
H7	51
H8	42
H9	14
H0	7
H`	0
H~	0
H!	118
H@	0
H#	0
H$	0
H%	0
H^	0
H&	27
H*	5
H(	0
H)	359
H-	761
H_	11
H=	6
H+	11
H\	2
H|	1
H]	39
H}	2
H[	0
H{	2
H"	64
H'	343
H;	38
H:	215
H/	54
H?	30
H.	4912
H>	0
H,	837
H<	0
H§	10491
H¶	1198
H¬	0
Ia	3267
Ib	1685
Ic	1949
Id	3390
Ie	105
If	49677
Ig	1073
Ih	28
Ii	60
Ij	38
Ik	300
Il	7167
Im	9512
In	264659
Io	1598
Ip	1182
Iq	60
Ir	24378
Is	32859
It	188045
Iu	80
Iv	2193
Iw	108
Ix	75
Iy	52
Iz	430
IA	8272
IB	7359
IC	15786
ID	8953
IE	7294
IF	3355
IG	5975
IH	287
II	27066
IJ	155
IK	769
IL	11043
IM	5253
IN	34860
IO	11381
IP	5639
IQ	434
IR	8046
IS	18505
IT	16365
IU	710
IV	9290
IW	519
IX	2681
IY	324
IZ	632
I1	35
I2	36
I3	24
I4	16
I5	283
I6	203
I7	11
I8	25
I9	48
I0	17
I`	1
I~	0
I!	87
I@	0
I#	0
I$	3
I%	0
I^	0
I&	12
I*	42
I(	48
I)	1825
I-	1766
I_	287
I=	10
I+	12
I\	0
I|	0
I]	54
I}	1
I[	1
I{	0
I"	717
I'	58611
I;	199
I:	437
I/	382
I?	826
I.	11076
I>	4
I,	7003
I<	2
I§	423096
I¶	12105
I¬	0
Ja	70997
Jb	8
Jc	1
Jd	17
Je	35483
Jf	0
Jg	2
Jh	108
Ji	8144
Jj	1
Jk	2
Jl	20
Jm	22
Jn	79
Jo	64589
Jp	5
Jq	0
Jr	1129
Js	153
Jt	5
Ju	51141
Jv	1
Jw	4
Jx	1
Jy	54
Jz	0
JA	1686
JB	156
JC	335
JD	117
JE	1310
JF	97
JG	399
JH	47
JI	398
JJ	253
JK	67
JL	53
JM	270
JN	154
JO	2608
JP	586
JQ	5
JR	232
JS	275
JT	165
JU	963
JV	78
JW	54
JX	9
JY	18
JZ	15
J1	41
J2	114
J3	18
J4	24
J5	8
J6	14
J7	15
J8	4
J9	19
J0	11
J`	0
J~	2
J!	1
J@	0
J#	0
J$	0
J%	0
J^	0
J&	15
J*	0
J(	0
J)	156
J-	219
J_	7
J=	2
J+	3
J\	0
J|	0
J]	2
J}	0
J[	7
J{	0
J"	27
J'	212
J;	6
J:	48
J/	29
J?	4
J.	6759
J>	0
J,	253
J<	0
J§	2458
J¶	55
J¬	0
Ka	25162
Kb	209
Kc	25
Kd	21
Ke	30245
Kf	44
Kg	26
Kh	5021
Ki	37007
Kj	75
Kk	2
Kl	2841
Km	30
Kn	6988
Ko	15831
Kp	9
Kq	0
Kr	4783
Ks	114
Kt	10
Ku	6068
Kv	94
Kw	426
Kx	11
Ky	2140
Kz	0
KA	1058
KB	236
KC	449
KD	157
KE	5003
KF	191
KG	484
KH	213
KI	3148
KJ	53
KK	232
KL	609
KM	370
KN	722
KO	720
KP	653
KQ	16
KR	347
KS	1891
KT	212
KU	236
KV	76
KW	287
KX	24
KY	517
KZ	25
K1	107
K2	126
K3	71
K4	74
K5	33
K6	33
K7	21
K8	28
K9	97
K0	8
K`	0
K~	2
K!	93
K@	0
K#	0
K$	27
K%	0
K^	0
K&	23
K*	9
K(	9
K)	484
K-	911
K_	7
K=	4
K+	4
K\	0
K|	0
K]	12
K}	1
K[	2
K{	0
K"	93
K'	886
K;	53
K:	224
K/	41
K?	193
K.	3487
K>	0
K,	2078
K<	0
K§	13401
K¶	1349
K¬	0
La	85464
Lb	10
Lc	15
Ld	61
Le	67840
Lf	1
Lg	6
Lh	180
Li	63109
Lj	62
Lk	16
Ll	3287
Lm	15
Ln	4
Lo	84254
Lp	8
Lq	0
Lr	1
Ls	282
Lt	4934
Lu	18016
Lv	62
Lw	29
Lx	12
Ly	6032
Lz	1
LA	13825
LB	880
LC	2290
LD	4583
LE	17499
LF	1300
LG	854
LH	229
LI	12667
LJ	192
LK	692
LL	11033
LM	1525
LN	616
LO	8415
LP	2624
LQ	47
LR	838
LS	3787
LT	2961
LU	2980
LV	1087
LW	426
LX	370
LY	3303
LZ	65
L1	285
L2	198
L3	94
L4	126
L5	97
L6	107
L7	82
L8	24
L9	30
L0	16
L`	0
L~	0
L!	58
L@	1
L#	2
L$	0
L%	0
L^	0
L&	62
L*	16
L(	6
L)	898
L-	1238
L_	17
L=	5
L+	32
L\	4
L|	1
L]	69
L}	0
L[	5
L{	0
L"	151
L'	1411
L;	51
L:	971
L/	195
L?	49
L.	6451
L>	1
L,	1600
L<	0
L§	20092
L¶	1695
L¬	0
Ma	225506
Mb	1534
Mc	14361
Md	110
Me	62846
Mf	23
Mg	110
Mh	150
Mi	94631
Mj	19
Mk	382
Ml	120
Mm	332
Mn	82
Mo	96233
Mp	48
Mq	3
Mr	66128
Ms	1647
Mt	355
Mu	33769
Mv	53
Mw	136
Mx	25
My	17692
Mz	25
MA	13720
MB	2611
MC	2628
MD	1438
ME	13567
MF	897
MG	916
MH	1727
MI	9107
MJ	118
MK	286
ML	2144
MM	2423
MN	459
MO	6646
MP	8515
MQ	56
MR	2141
MS	5705
MT	1243
MU	2366
MV	558
MW	741
MX	267
MY	1213
MZ	60
M1	619
M2	480
M3	261
M4	323
M5	194
M6	247
M7	111
M8	89
M9	86
M0	16
M`	0
M~	0
M!	50
M@	1
M#	5
M$	5
M%	0
M^	1
M&	121
M*	11
M(	14
M)	1023
M-	1059
M_	14
M=	1
M+	15
M\	2
M|	0
M]	16
M}	0
M[	5
M{	0
M"	125
M'	1455
M;	45
M:	298
M/	161
M?	54
M.	6103
M>	0
M,	1455
M<	0
M§	17504
M¶	1080
M¬	0
Na	54172
Nb	3
Nc	41
Nd	232
Ne	79357
Nf	37
Ng	533
Nh	77
Ni	25684
Nj	88
Nk	255
Nl	11
Nm	11
Nn	12
No	127955
Np	2
Nq	8
Nr	48
Ns	296
Nt	75
Nu	7166
Nv	15
Nw	22
Nx	13
Ny	832
Nz	15
NA	14234
NB	1634
NC	9081
ND	16927
NE	15619
NF	2741
NG	16757
NH	2296
NI	8675
NJ	322
NK	1644
NL	1131
NM	1582
NN	3071
NO	6533
NP	1574
NQ	168
NR	1083
NS	10031
NT	16392
NU	1655
NV	1306
NW	871
NX	157
NY	1942
NZ	549
N1	324
N2	132
N3	71
N4	55
N5	35
N6	43
N7	60
N8	36
N9	68
N0	14
N`	0
N~	0
N!	121
N@	0
N#	19
N$	0
N%	0
N^	0
N&	24
N*	19
N(	46
N)	642
N-	1131
N_	25
N=	10
N+	9
N\	0
N|	0
N]	124
N}	3
N[	2
N{	1
N"	161
N'	2048
N;	53
N:	683
N/	315
N?	116
N.	4336
N>	0
N,	2140
N<	0
N§	32194
N¶	5307
N¬	0
Oa	2215
Ob	6033
Oc	15314
Od	1930
Oe	287
Of	24447
Og	888
Oh	13748
Oi	1151
Oj	159
Ok	1801
Ol	15407
Om	2104
On	75783
Oo	358
Op	12039
Oq	12
Or	26321
Os	5423
Ot	13689
Ou	12779
Ov	7223
Ow	2826
Ox	4775
Oy	361
Oz	730
OA	2015
OB	2363
OC	4253
OD	5171
OE	2570
OF	11666
OG	2168
OH	1725
OI	1862
OJ	156
OK	3544
OL	8301
OM	9205
ON	28573
OO	5516
OP	5595
OQ	29
OR	21608
OS	10444
OT	6508
OU	13008
OV	3829
OW	5695
OX	656
OY	1226
OZ	189
O1	57
O2	239
O3	32
O4	40
O5	22
O6	9
O7	8
O8	2
O9	19
O0	1
O`	0
O~	1
O!	141
O@	0
O#	3
O$	2
O%	0
O^	0
O&	93
O*	9
O(	17
O)	896
O-	785
O_	6
O=	1
O+	3
O\	0
O|	0
O]	23
O}	0
O[	0
O{	0
O"	106
O'	5078
O;	33
O:	142
O/	58
O?	47
O.	2573
O>	0
O,	1395
O<	1
O§	17331
O¶	916
O¬	0
Pa	114312
Pb	182
Pc	77
Pd	29
Pe	71440
Pf	182
Pg	13
Ph	23366
Pi	22033
Pj	9
Pk	24
Pl	25304
Pm	4
Pn	81
Po	59929
Pp	91
Pq	5
Pr	94810
Ps	5065
Pt	791
Pu	17547
Pv	169
Pw	62
Px	11
Py	2164
Pz	3
PA	11495
PB	897
PC	5791
PD	1624
PE	9542
PF	908
PG	1107
PH	2887
PI	3901
PJ	109
PK	344
PL	5712
PM	1416
PN	813
PO	6729
PP	4035
PQ	47
PR	9021
PS	5242
PT	7243
PU	2724
PV	820
PW	557
PX	389
PY	494
PZ	59
P1	14479
P2	8348
P3	5674
P4	4056
P5	4680
P6	2745
P7	2242
P8	1797
P9	1486
P0	83
P`	0
P~	0
P!	232
P@	0
P#	0
P$	8
P%	1
P^	0
P&	179
P*	25
P(	73
P)	2073
P-	1785
P_	9
P=	38
P+	19
P\	1
P|	0
P]	31
P}	2
P[	19
P{	0
P"	105
P'	900
P;	67
P:	247
P/	506
P?	67
P.	5083
P>	46
P,	2097
P<	2
P§	19081
P¶	1019
P¬	0
Qa	1115
Qb	11
Qc	11
Qd	12
Qe	33
Qf	3
Qg	7
Qh	13
Qi	702
Qj	0
Qk	0
Ql	9
Qm	1
Qn	0
Qo	74
Qp	1
Qq	5
Qr	1
Qs	67
Qt	10
Qu	23249
Qv	3
Qw	29
Qx	15
Qy	0
Qz	1
QA	272
QB	91
QC	308
QD	43
QE	171
QF	23
QG	22
QH	4
QI	59
QJ	8
QK	3
QL	713
QM	63
QN	29
QO	10
QP	315
QQ	23
QR	98
QS	130
QT	135
QU	2187
QV	24
QW	47
QX	19
QY	14
QZ	2
Q1	62
Q2	49
Q3	42
Q4	9
Q5	3
Q6	13
Q7	3
Q8	5
Q9	5
Q0	0
Q`	0
Q~	0
Q!	3
Q@	0
Q#	0
Q$	0
Q%	0
Q^	0
Q&	57
Q*	0
Q(	0
Q)	101
Q-	132
Q_	0
Q=	0
Q+	9
Q\	0
Q|	0
Q]	6
Q}	0
Q[	67
Q{	0
Q"	40
Q'	93
Q;	15
Q:	129
Q/	6
Q?	5
Q.	1307
Q>	0
Q,	213
Q<	0
Q§	1835
Q¶	146
Q¬	0
Ra	44800
Rb	67
Rc	11
Rd	150
Re	105476
Rf	13
Rg	120
Rh	4322
Ri	42047
Rj	2
Rk	2
Rl	8
Rm	6
Rn	13
Ro	95826
Rp	23
Rq	10
Rr	7
Rs	658
Rt	88
Ru	31842
Rv	10
Rw	177
Rx	26
Ry	2733
Rz	6
RA	19083
RB	1399
RC	4741
RD	6150
RE	24570
RF	1496
RG	2492
RH	647
RI	17503
RJ	267
RK	2933
RL	2896
RM	3915
RN	5062
RO	15841
RP	2771
RQ	127
RR	3493
RS	11180
RT	8352
RU	3347
RV	1710
RW	595
RX	153
RY	5322
RZ	50
R1	517
R2	351
R3	245
R4	717
R5	140
R6	60
R7	71
R8	56
R9	42
R0	47
R`	0
R~	4
R!	112
R@	1
R#	1
R$	12
R%	0
R^	5
R&	769
R*	6
R(	27
R)	1118
R-	1505
R_	25
R=	4
R+	35
R\	2
R|	1
R]	31
R}	1
R[	10
R{	0
R"	139
R'	1311
R;	79
R:	797
R/	185
R?	92
R.	8856
R>	132
R,	1955
R<	0
R§	33364
R¶	3326
R¬	0
Sa	72919
Sb	128
Sc	54118
Sd	24
Se	99648
Sf	109
Sg	441
Sh	110118
Si	60575
Sj	64
Sk	5604
Sl	8937
Sm	12641
Sn	3465
So	123384
Sp	42803
Sq	4961
Sr	1867
Ss	206
St	145940
Su	67441
Sv	513
Sw	12996
Sx	7
Sy	17258
Sz	251
SA	13971
SB	1821
SC	8327
SD	3182
SE	15152
SF	1928
SG	782
SH	7280
SI	10628
SJ	139
SK	1480
SL	3178
SM	2714
SN	1723
SO	7779
SP	7152
SQ	957
SR	2787
SS	11390
ST	21736
SU	5046
SV	1015
SW	2710
SX	333
SY	1372
SZ	34
S1	418
S2	358
S3	249
S4	186
S5	160
S6	107
S7	63
S8	87
S9	31
S0	41
S`	0
S~	0
S!	246
S@	0
S#	5
S$	739
S%	0
S^	2
S&	276
S*	12
S(	25
S)	2366
S-	2930
S_	67
S=	4
S+	66
S\	2
S|	0
S]	92
S}	3
S[	9
S{	0
S"	302
S'	1332
S;	203
S:	2424
S/	2114
S?	260
S.	20526
S>	3
S,	5342
S<	0
S§	65626
S¶	12245
S¬	0
Ta	38035
Tb	73
Tc	214
Td	13
Te	48214
Tf	25
Tg	3
Th	950423
Ti	23661
Tj	60
Tk	16
Tl	169
Tm	28
Tn	21
To	75121
Tp	14
Tq	0
Tr	52845
Ts	2033
Tt	44
Tu	19051
Tv	48
Tw	13877
Tx	11
Ty	5665
Tz	280
TA	11825
TB	1063
TC	3916
TD	851
TE	24251
TF	1141
TG	741
TH	34555
TI	18346
TJ	77
TK	214
TL	2174
TM	1558
TN	1140
TO	15214
TP	1795
TQ	111
TR	9432
TS	7898
TT	4816
TU	4074
TV	8206
TW	1972
TX	268
TY	3192
TZ	187
T1	340
T2	288
T3	157
T4	240
T5	116
T6	80
T7	72
T8	95
T9	178
T0	23
T`	0
T~	2
T!	179
T@	0
T#	0
T$	2
T%	0
T^	0
T&	797
T*	13
T(	10
T)	1218
T-	2466
T_	46
T=	7
T+	8
T\	2
T|	1
T]	60
T}	9
T[	13
T{	0
T"	241
T'	1716
T;	91
T:	771
T/	184
T?	218
T.	4819
T>	2
T,	2163
T<	1
T§	31715
T¶	3911
T¬	0
Ua	95
Ub	367
Uc	85
Ud	324
Ue	146
Uf	105
Ug	772
Uh	217
Ui	242
Uj	40
Uk	1813
Ul	4001
Um	1057
Un	78633
Uo	13
Up	6410
Uq	16
Ur	2791
Us	6271
Ut	1872
Uu	7
Uv	47
Uw	41
Ux	87
Uy	66
Uz	384
UA	2035
UB	1868
UC	3839
UD	1825
UE	2764
UF	797
UG	1954
UH	141
UI	3243
UJ	109
UK	9967
UL	3877
UM	2597
UN	11033
UO	168
UP	3375
UQ	21
UR	10355
US	26860
UT	5890
UU	121
UV	589
UW	194
UX	1161
UY	296
UZ	110
U1	151
U2	340
U3	27
U4	13
U5	16
U6	73
U7	4
U8	28
U9	15
U0	10
U`	0
U~	0
U!	28
U@	0
U#	1
U$	2
U%	0
U^	0
U&	19
U*	1
U(	12
U)	507
U-	795
U_	1
U=	4
U+	2
U\	0
U|	0
U]	4
U}	1
U[	0
U{	0
U"	64
U'	458
U;	22
U:	47
U/	141
U?	24
U.	11228
U>	0
U,	562
U<	0
U§	5643
U¶	162
U¬	0
Va	19830
Vb	3
Vc	13
Vd	24
Ve	18485
Vf	7
Vg	2
Vh	5
Vi	39624
Vj	18
Vk	1
Vl	872
Vm	11
Vn	12
Vo	7743
Vp	2
Vq	0
Vr	292
Vs	395
Vt	29
Vu	715
Vv	0
Vw	2
Vx	38
Vy	183
Vz	4
VA	4343
VB	154
VC	821
VD	744
VE	11114
VF	418
VG	262
VH	408
VI	10900
VJ	34
VK	44
VL	329
VM	737
VN	476
VO	1486
VP	623
VQ	46
VR	1020
VS	967
VT	232
VU	98
VV	90
VW	173
VX	65
VY	138
VZ	14
V1	187
V2	144
V3	48
V4	80
V5	79
V6	117
V7	51
V8	315
V9	18
V0	7
V`	0
V~	1
V!	8
V@	0
V#	0
V$	0
V%	0
V^	0
V&	98
V*	6
V(	8
V)	654
V-	895
V_	9
V=	1
V+	24
V\	0
V|	0
V]	6
V}	0
V[	5
V{	0
V"	276
V'	693
V;	53
V:	142
V/	415
V?	21
V.	3849
V>	2
V,	1787
V<	0
V§	12528
V¶	483
V¬	0
Wa	77742
Wb	0
Wc	1
Wd	7
We	122737
Wf	1
Wg	9
Wh	130737
Wi	79224
Wj	0
Wk	50
Wl	81
Wm	79
Wn	13
Wo	47913
Wp	9
Wq	0
Wr	6491
Ws	195
Wt	16
Wu	1074
Wv	0
Ww	2
Wx	0
Wy	2527
Wz	0
WA	8036
WB	657
WC	1156
WD	375
WE	5529
WF	981
WG	466
WH	3684
WI	6156
WJ	103
WK	231
WL	518
WM	350
WN	1180
WO	4346
WP	486
WQ	10
WR	1131
WS	1896
WT	1005
WU	149
WV	77
WW	2019
WX	24
WY	225
WZ	15
W1	620
W2	123
W3	187
W4	42
W5	37
W6	52
W7	26
W8	42
W9	30
W0	9
W`	0
W~	0
W!	100
W@	0
W#	9
W$	1
W%	0
W^	0
W&	34
W*	65
W(	1
W)	492
W-	320
W_	7
W=	4
W+	1
W\	0
W|	0
W]	12
W}	0
W[	1
W{	14
W"	69
W'	358
W;	15
W:	148
W/	148
W?	59
W.	4943
W>	0
W,	610
W<	0
W§	7654
W¶	546
W¬	0
Xa	573
Xb	399
Xc	44
Xd	11
Xe	648
Xf	77
Xg	0
Xh	94
Xi	1034
Xj	0
Xk	0
Xl	20
Xm	53
Xn	4
Xo	60
Xp	96
Xq	20
Xr	7
Xs	117
Xt	72
Xu	200
Xv	11
Xw	14
Xx	6
Xy	34
Xz	6
XA	438
XB	96
XC	370
XD	124
XE	602
XF	141
XG	47
XH	120
XI	3853
XJ	38
XK	23
XL	552
XM	676
XN	35
XO	118
XP	1299
XQ	11
XR	105
XS	248
XT	1173
XU	101
XV	1876
XW	48
XX	2691
XY	123
XZ	4
X1	175
X2	222
X3	49
X4	85
X5	34
X6	20
X7	20
X8	40
X9	10
X0	19
X`	0
X~	0
X!	3
X@	0
X#	1
X$	2
X%	1
X^	0
X&	1
X*	2
X(	4
X)	218
X-	2940
X_	18
X=	2
X+	7
X\	0
X|	0
X]	5
X}	2
X[	0
X{	1
X"	223
X'	227
X;	29
X:	149
X/	514
X?	10
X.	1601
X>	4
X,	810
X<	2
X§	7448
X¶	618
X¬	0
Ya	6913
Yb	85
Yc	4
Yd	7
Ye	28354
Yf	6
Yg	17
Yh	2
Yi	780
Yj	0
Yk	0
Yl	13
Ym	6
Yn	56
Yo	76197
Yp	185
Yq	0
Yr	27
Ys	107
Yt	11
Yu	4304
Yv	466
Yw	6
Yx	0
Yy	1
Yz	14
YA	779
YB	244
YC	441
YD	328
YE	1584
YF	93
YG	80
YH	105
YI	377
YJ	12
YK	63
YL	679
YM	579
YN	507
YO	3608
YP	1213
YQ	7
YR	377
YS	2356
YT	499
YU	156
YV	16
YW	149
YX	20
YY	22
YZ	66
Y1	119
Y2	114
Y3	26
Y4	22
Y5	22
Y6	25
Y7	8
Y8	14
Y9	12
Y0	5
Y`	0
Y~	3
Y!	112
Y@	0
Y#	1
Y$	0
Y%	0
Y^	0
Y&	8
Y*	5
Y(	4
Y)	131
Y-	647
Y_	22
Y=	4
Y+	0
Y\	0
Y|	0
Y]	25
Y}	0
Y[	4
Y{	0
Y"	75
Y'	786
Y;	23
Y:	745
Y/	45
Y?	119
Y.	1806
Y>	0
Y,	1286
Y<	0
Y§	17456
Y¶	3666
Y¬	0
Za	5037
Zb	170
Zc	0
Zd	22
Ze	6833
Zf	7
Zg	6
Zh	1231
Zi	2951
Zj	1
Zk	0
Zl	38
Zm	6
Zn	75
Zo	2815
Zp	8
Zq	7
Zr	8
Zs	202
Zt	0
Zu	1887
Zv	126
Zw	157
Zx	1
Zy	161
Zz	16
ZA	715
ZB	91
ZC	39
ZD	54
ZE	675
ZF	25
ZG	51
ZH	26
ZI	452
ZJ	5
ZK	15
ZL	77
ZM	26
ZN	32
ZO	199
ZP	28
ZQ	8
ZR	97
ZS	55
ZT	110
ZU	57
ZV	9
ZW	80
ZX	48
ZY	78
ZZ	359
Z1	40
Z2	22
Z3	39
Z4	6
Z5	5
Z6	12
Z7	13
Z8	17
Z9	12
Z0	5
Z`	0
Z~	0
Z!	1
Z@	0
Z#	0
Z$	49
Z%	0
Z^	0
Z&	0
Z*	0
Z(	0
Z)	82
Z-	158
Z_	1
Z=	5
Z+	10
Z\	0
Z|	0
Z]	4
Z}	0
Z[	36
Z{	0
Z"	27
Z'	70
Z;	4
Z:	43
Z/	12
Z?	2
Z.	272
Z>	0
Z,	135
Z<	0
Z§	1134
Z¶	85
Z¬	0
1a	312
1b	316
1c	106
1d	57
1e	34
1f	67
1g	23
1h	49
1i	80
1j	1
1k	64
1l	113
1m	1497
1n	23
1o	118
1p	382
1q	4
1r	9
1s	4341
1t	1448
1u	1
1v	5
1w	5
1x	127
1y	3
1z	0
1A	370
1B	346
1C	185
1D	103
1E	86
1F	23
1G	138
1H	75
1I	14
1J	20
1K	35
1L	56
1M	196
1N	65
1O	32
1P	59
1Q	14
1R	90
1S	64
1T	45
1U	60
1V	76
1W	25
1X	61
1Y	36
1Z	25
11	28115
12	34936
13	24655
14	25792
15	35413
16	29368
17	32617
18	73324
19	245957
10	57309
1`	0
1~	1
1!	22
1@	4
1#	1
1$	0
1%	2339
1^	1
1&	421
1*	32
1(	668
1)	11910
1-	7311
1_	52
1=	17
1+	60
1\	20
1|	3
1]	1727
1}	139
1[	7
1{	0
1"	501
1'	410
1;	1244
1:	2218
1/	2002
1?	49
1	25411
1>	5
1,	28240
1<	12
1§	59443
1¶	3736
1¬	0
2a	289
2b	387
2c	141
2d	374
2e	52
2f	183
2g	22
2h	80
2i	196
2j	3
2k	126
2l	94
2m	1574
2n	2512
2o	176
2p	480
2q	3
2r	15
2s	373
2t	1336
2u	1
2v	24
2w	8
2x	224
2y	7
2z	2
2A	248
2B	243
2C	130
2D	226
2E	97
2F	148
2G	167
2H	83
2I	18
2J	19
2K	143
2L	56
2M	326
2N	58
2O	44
2P	100
2Q	7
2R	59
2S	59
2T	58
2U	44
2V	60
2W	38
2X	148
2Y	10
2Z	4
21	14212
22	13861
23	12114
24	14059
25	21977
26	10515
27	10806
28	11139
29	9874
20	96711
2`	1
2~	2
2!	18
2@	3
2#	1
2$	3
2%	2370
2^	9
2&	294
2*	21
2(	486
2)	10899
2-	7143
2_	56
2=	10
2+	351
2\	6
2|	3
2]	1481
2}	111
2[	9
2{	4
2"	998
2'	514
2;	2910
2:	2185
2/	1024
2?	58
2	23345
2>	2
2,	23410
2<	3
2§	56132
2¶	3627
2¬	0
3a	222
3b	212
3c	119
3d	392
3e	12
3f	128
3g	21
3h	28
3i	203
3j	0
3k	75
3l	61
3m	1274
3n	7
3o	53
3p	420
3q	1
3r	2488
3s	247
3t	1068
3u	4
3v	6
3w	3
3x	70
3y	6
3z	0
3A	234
3B	143
3C	229
3D	939
3E	39
3F	33
3G	111
3H	26
3I	13
3J	17
3K	67
3L	24
3M	212
3N	18
3O	9
3P	36
3Q	8
3R	72
3S	28
3T	52
3U	6
3V	37
3W	20
3X	56
3Y	6
3Z	2
31	10022
32	8904
33	8338
34	7640
35	10408
36	8160
37	7417
38	7646
39	7412
30	31291
3`	0
3~	1
3!	17
3@	0
3#	0
3$	0
3%	2246
3^	0
3&	174
3*	12
3(	437
3)	9383
3-	5628
3_	39
3=	4
3+	66
3\	5
3|	12
3]	991
3}	58
3[	3
3{	0
3"	547
3'	473
3;	1138
3:	1879
3/	1009
3?	34
3	19104
3>	4
3,	19383
3<	3
3§	43698
3¶	3132
3¬	0
4a	146
4b	181
4c	144
4d	100
4e	19
4f	151
4g	23
4h	53
4i	229
4j	4
4k	74
4l	88
4m	1103
4n	1
4o	204
4p	463
4q	2
4r	4
4s	228
4t	3338
4u	1
4v	36
4w	18
4x	185
4y	7
4z	1
4A	217
4B	96
4C	148
4D	60
4E	63
4F	46
4G	197
4H	40
4I	8
4J	16
4K	84
4L	42
4M	303
4N	29
4O	10
4P	36
4Q	10
4R	31
4S	44
4T	75
4U	30
4V	30
4W	82
4X	72
4Y	11
4Z	4
41	6854
42	7339
43	6418
44	7040
45	10966
46	6274
47	6623
48	8308
49	6928
40	22964
4`	0
4~	2
4!	16
4@	1
4#	0
4$	1
4%	2268
4^	0
4&	131
4*	25
4(	450
4)	8393
4-	6487
4_	32
4=	7
4+	49
4\	2
4|	10
4]	912
4}	70
4[	1
4{	0
4"	504
4'	388
4;	1623
4:	1772
4/	869
4?	37
4	16984
4>	2
4,	18156
4<	5
4§	42627
4¶	3053
4¬	0
5a	279
5b	375
5c	435
5d	63
5e	18
5f	292
5g	504
5h	35
5i	147
5j	2
5k	212
5l	83
5m	2947
5n	25
5o	54
5p	985
5q	8
5r	5
5s	371
5t	3605
5u	1
5v	9
5w	6
5x	83
5y	11
5z	0
5A	178
5B	91
5C	98
5D	50
5E	57
5F	63
5G	106
5H	30
5I	4
5J	15
5K	35
5L	21
5M	303
5N	23
5O	12
5P	17
5Q	17
5R	73
5S	75
5T	43
5U	17
5V	60
5W	24
5X	34
5Y	3
5Z	2
51	6229
52	6598
53	6326
54	6156
55	7535
56	6184
57	5486
58	5922
59	5637
50	40174
5`	0
5~	2
5!	36
5@	2
5#	0
5$	0
5%	5725
5^	0
5&	103
5*	25
5(	392
5)	8930
5-	6907
5_	31
5=	13
5+	90
5\	11
5|	24
5]	925
5}	63
5[	0
5{	1
5"	439
5'	575
5;	1418
5:	1530
5/	878
5?	62
5	16530
5>	0
5,	22471
5<	6
5§	56813
5¶	3347
5¬	0
6a	269
6b	256
6c	134
6d	178
6e	29
6f	307
6g	24
6h	33
6i	233
6j	0
6k	77
6l	47
6m	1157
6n	6
6o	80
6p	493
6q	6
6r	7
6s	237
6t	3286
6u	2
6v	26
6w	1
6x	55
6y	2
6z	0
6A	148
6B	107
6C	89
6D	171
6E	43
6F	30
6G	77
6H	66
6I	3
6J	19
6K	63
6L	29
6M	440
6N	28
6O	8
6P	15
6Q	6
6R	28
6S	215
6T	20
6U	9
6V	36
6W	10
6X	20
6Y	1
6Z	1
61	6575
62	6706
63	6449
64	7893
65	8692
66	7272
67	6703
68	7261
69	6387
60	22997
6`	1
6~	0
6!	15
6@	1
6#	2
6$	0
6%	2292
6^	0
6&	68
6*	4
6(	422
6)	7408
6-	5850
6_	40
6=	2
6+	72
6\	6
6|	13
6]	805
6}	63
6[	6
6{	0
6"	426
6'	264
6;	1058
6:	1342
6/	838
6?	30
6	14287
6>	0
6,	17134
6<	5
6§	38769
6¶	3053
6¬	0
7a	208
7b	168
7c	90
7d	58
7e	5
7f	96
7g	26
7h	9
7i	55
7j	1
7k	48
7l	56
7m	972
7n	5
7o	26
7p	365
7q	0
7r	3
7s	281
7t	3369
7u	2
7v	5
7w	0
7x	38
7y	1
7z	1
7A	166
7B	99
7C	87
7D	39
7E	46
7F	28
7G	35
7H	34
7I	5
7J	16
7K	25
7L	32
7M	56
7N	14
7O	3
7P	19
7Q	12
7R	20
7S	70
7T	36
7U	6
7V	29
7W	5
7X	11
7Y	4
7Z	5
71	7828
72	7576
73	7120
74	7457
75	12366
76	8442
77	8816
78	8855
79	9995
70	19669
7`	0
7~	0
7!	16
7@	0
7#	0
7$	1
7%	2440
7^	0
7&	86
7*	3
7(	328
7)	7217
7-	4345
7_	34
7=	3
7+	23
7\	8
7|	13
7]	819
7}	59
7[	3
7{	0
7"	273
7'	194
7;	1023
7:	1180
7/	592
7?	26
7	13512
7>	2
7,	16417
7<	9
7§	34494
7¶	2839
7¬	0
8a	208
8b	196
8c	96
8d	99
8e	4
8f	114
8g	15
8h	39
8i	187
8j	0
8k	75
8l	37
8m	1014
8n	4
8o	231
8p	499
8q	0
8r	12
8s	207
8t	3723
8u	1
8v	35
8w	0
8x	55
8y	2
8z	1
8A	108
8B	49
8C	67
8D	20
8E	44
8F	54
8G	44
8H	23
8I	6
8J	15
8K	60
8L	12
8M	178
8N	21
8O	23
8P	31
8Q	6
8R	19
8S	27
8T	26
8U	5
8V	16
8W	7
8X	27
8Y	2
8Z	10
81	11612
82	10784
83	12439
84	12171
85	15043
86	18013
87	16630
88	17240
89	18063
80	25812
8`	0
8~	0
8!	11
8@	0
8#	0
8$	0
8%	2300
8^	0
8&	58
8*	9
8(	283
8)	7155
8-	4785
8_	27
8=	15
8+	29
8\	5
8|	7
8]	803
8}	53
8[	4
8{	1
8"	439
8'	235
8;	1055
8:	1247
8/	418
8?	36
8	12587
8>	0
8,	16458
8<	6
8§	36723
8¶	2884
8¬	0
9a	238
9b	134
9c	43
9d	28
9e	232
9f	69
9g	12
9h	5
9i	79
9j	0
9k	37
9l	31
9m	727
9n	9
9o	19
9p	439
9q	0
9r	0
9s	268
9t	4905
9u	6
9v	4
9w	0
9x	28
9y	5
9z	0
9A	86
9B	60
9C	72
9D	26
9E	47
9F	22
9G	34
9H	25
9I	2
9J	11
9K	10
9L	21
9M	27
9N	22
9O	11
9P	28
9Q	4
9R	7
9S	12
9T	20
9U	2
9V	26
9W	7
9X	9
9Y	0
9Z	0
91	23051
92	22743
93	21836
94	23242
95	24059
96	28173
97	37863
98	58627
99	44122
90	28811
9`	0
9~	0
9!	20
9@	3
9#	0
9$	0
9%	2031
9^	0
9&	42
9*	9
9(	223
9)	7396
9-	4211
9_	31
9=	5
9+	17
9\	5
9|	9
9]	748
9}	46
9[	3
9{	1
9"	301
9'	149
9;	1266
9:	1122
9/	975
9?	23
9	13127
9>	3
9,	16310
9<	3
9§	32048
9¶	3024
9¬	0
0a	591
0b	258
0c	484
0d	217
0e	23
0f	551
0g	720
0h	118
0i	151
0j	2
0k	448
0l	263
0m	5101
0n	134
0o	34
0p	1529
0q	1
0r	103
0s	30180
0t	5326
0u	3
0v	16
0w	15
0x	176
0y	85
0z	12
0A	207
0B	198
0C	226
0D	69
0E	99
0F	89
0G	148
0H	119
0I	9
0J	23
0K	224
0L	95
0M	1132
0N	27
0O	6
0P	43
0Q	3
0R	43
0S	290
0T	60
0U	11
0V	100
0W	47
0X	81
0Y	7
0Z	10
1	36041
2	8717
3	7238
4	7546
5	7784
6	7068
7	7361
8	7605
9	7531
0	171211
0`	0
0~	1
0!	75
0@	2
0#	4
0$	5
0%	8382
0^	12
0&	70
0*	94
0(	258
0)	9987
0-	13458
0_	87
0=	10
0+	160
0\	13
0|	6
0]	838
0}	60
0[	5
0{	0
0"	555
0'	1252
0;	2282
0:	1435
0/	1247
0?	107
0	27769
0>	4
0,	41249
0<	9
0§	149469
0¶	4940
0¬	0
`a	47
`b	27
`c	47
`d	48
`e	36
`f	25
`g	21
`h	21
`i	42
`j	3
`k	2
`l	26
`m	35
`n	30
`o	28
`p	53
`q	3
`r	46
`s	64
`t	68
`u	14
`v	6
`w	44
`x	0
`y	8
`z	0
`A	67
`B	28
`C	21
`D	11
`E	7
`F	9
`G	20
`H	21
`I	65
`J	7
`K	6
`L	17
`M	14
`N	25
`O	11
`P	13
`Q	1
`R	8
`S	38
`T	66
`U	3
`V	2
`W	51
`X	0
`Y	17
`Z	2
`1	0
`2	0
`3	1
`4	0
`5	1
`6	0
`7	1
`8	0
`9	0
`0	0
``	674
`~	0
`!	0
`@	0
`#	0
`$	0
`%	0
`^	0
`&	0
`*	3
`(	5
`)	0
`-	0
`_	1
`=	0
`+	0
`\	1
`|	0
`]	0
`}	0
`[	4
`{	0
`"	15
`'	1
`;	0
`:	1
`/	0
`?	0
`.	1
`>	1
`,	0
`<	1
`§	11
`¶	0
`¬	0
~a	0
~b	2
~c	1
~d	0
~e	0
~f	1
~g	0
~h	0
~i	1
~j	1
~k	2
~l	2
~m	1
~n	0
~o	1
~p	0
~q	0
~r	1
~s	2
~t	1
~u	0
~v	0
~w	0
~x	0
~y	2
~z	0
~A	8
~B	2
~C	5
~D	1
~E	1
~F	0
~G	2
~H	2
~I	8
~J	0
~K	0
~L	0
~M	1
~N	0
~O	1
~P	8
~Q	0
~R	1
~S	2
~T	0
~U	13
~V	0
~W	0
~X	0
~Y	1
~Z	0
~1	33
~2	19
~3	9
~4	6
~5	8
~6	2
~7	2
~8	8
~9	1
~0	5
~`	0
~~	8
~!	0
~@	0
~#	0
~$	3
~%	0
~^	0
~&	0
~*	0
~(	0
~)	6
~-	0
~_	0
~=	7
~+	0
~\	1
~|	0
~]	2
~}	0
~[	0
~{	0
~"	4
~'	1
~;	0
~:	0
~/	1
~?	0
~.	1
~>	0
~,	3
~<	0
~§	29
~¶	11
~¬	0
!a	8
!b	2
!c	12
!d	2
!e	0
!f	0
!g	1
!h	5
!i	8
!j	1
!k	0
!l	1
!m	2
!n	8
!o	4
!p	2
!q	7
!r	1
!s	14
!t	6
!u	1
!v	0
!w	2
!x	5
!y	0
!z	0
!A	0
!B	0
!C	25
!D	6
!E	2
!F	0
!G	1
!H	1
!I	2
!J	1
!K	1
!L	0
!M	4
!N	0
!O	2
!P	2
!Q	0
!R	1
!S	2
!T	3
!U	0
!V	2
!W	0
!X	0
!Y	0
!Z	0
!1	5
!2	0
!3	0
!4	0
!5	0
!6	0
!7	5
!8	0
!9	0
!0	0
!`	0
!~	0
!!	489
!@	0
!#	2
!$	0
!%	0
!^	0
!&	6
!*	8
!(	55
!)	1461
!-	1316
!_	393
!=	1
!+	0
!\	1
!|	0
!]	26
!}	0
![	14
!{	0
!"	20336
!'	14832
!;	6
!:	10
!/	4
!?	35
!.	227
!>	0
!,	146
!<	0
!§	22734
!¶	27905
!¬	0
@a	13
@b	13
@c	24
@d	13
@e	15
@f	12
@g	6
@h	12
@i	20
@j	4
@k	2
@l	22
@m	20
@n	18
@o	8
@p	11
@q	2
@r	12
@s	37
@t	8
@u	16
@v	5
@w	10
@x	2
@y	0
@z	2
@A	0
@B	1
@C	0
@D	1
@E	2
@F	1
@G	0
@H	7
@I	0
@J	1
@K	1
@L	1
@M	2
@N	1
@O	0
@P	5
@Q	0
@R	1
@S	4
@T	4
@U	0
@V	0
@W	2
@X	0
@Y	1
@Z	0
@1	2
@2	0
@3	1
@4	0
@5	1
@6	3
@7	1
@8	0
@9	0
@0	0
@`	0
@~	0
@!	1
@@	10
@#	0
@$	2
@%	0
@^	0
@&	0
@*	3
@(	1
@)	1
@-	0
@_	0
@=	0
@+	0
@\	0
@|	0
@]	0
@}	0
@[	0
@{	0
@"	1
@'	3
@;	0
@:	0
@/	0
@?	0
@.	2
@>	0
@,	0
@<	0
@§	28
@¶	6
@¬	0
#a	3
#b	2
#c	5
#d	9
#e	2
#f	2
#g	0
#h	0
#i	2
#j	0
#k	1
#l	2
#m	0
#n	2
#o	1
#p	1
#q	0
#r	0
#s	5
#t	12
#u	2
#v	1
#w	2
#x	0
#y	0
#z	0
#A	9
#B	19
#C	15
#D	5
#E	4
#F	7
#G	0
#H	6
#I	6
#J	0
#K	5
#L	2
#M	19
#N	3
#O	5
#P	4
#Q	0
#R	5
#S	6
#T	20
#U	1
#V	0
#W	10
#X	0
#Y	0
#Z	0
#1	646
#2	349
#3	239
#4	196
#5	133
#6	101
#7	141
#8	124
#9	81
#0	67
#`	0
#~	0
#!	4
#@	0
##	12
#$	6
#%	0
#^	1
#&	0
#*	0
#(	1
#)	4
#-	3
#_	18
#=	0
#+	0
#\	0
#|	0
#]	0
#}	0
#[	0
#{	0
#"	12
#'	2
#;	1
#:	0
#/	1
#?	0
#.	17
#>	0
#,	26
#<	0
#§	106
#¶	92
#¬	0
$a	2
$b	0
$c	1
$d	3
$e	3
$f	0
$g	0
$h	0
$i	6
$j	0
$k	0
$l	0
$m	4
$n	1
$o	1
$p	6
$q	1
$r	0
$s	1
$t	2
$u	1
$v	0
$w	0
$x	1
$y	1
$z	0
$A	14
$B	2
$C	11
$D	11
$E	2
$F	5
$G	1
$H	0
$I	1
$J	0
$K	0
$L	1
$M	2
$N	1
$O	0
$P	1
$Q	0
$R	0
$S	1
$T	1
$U	16
$V	0
$W	0
$X	2
$Y	0
$Z	0
$1	8381
$2	4385
$3	2887
$4	2210
$5	2582
$6	1337
$7	1296
$8	1059
$9	770
$0	736
$`	0
$~	0
$!	0
$@	0
$#	0
$$	16
$%	0
$^	0
$&	4
$*	2
$(	1
$)	10
$-	0
$_	0
$=	0
$+	0
$\	0
$|	2
$]	1
$}	0
$[	0
${	0
$"	3
$'	1
$;	5
$:	0
$/	4
$?	0
$.	14
$>	0
$,	9
$<	0
$§	322
$¶	2
$¬	0
%a	1
%b	1
%c	3
%d	3
%e	0
%f	0
%g	0
%h	0
%i	1
%j	0
%k	0
%l	0
%m	1
%n	0
%o	4
%p	0
%q	0
%r	0
%s	5
%t	1
%u	1
%v	0
%w	0
%x	0
%y	0
%z	0
%A	0
%B	0
%C	0
%D	0
%E	0
%F	4
%G	1
%H	0
%I	0
%J	0
%K	0
%L	0
%M	0
%N	0
%O	0
%P	0
%Q	0
%R	1
%S	2
%T	1
%U	0
%V	0
%W	0
%X	0
%Y	0
%Z	0
%1	0
%2	7
%3	2
%4	1
%5	1
%6	0
%7	0
%8	0
%9	0
%0	1
%`	0
%~	0
%!	5
%@	0
%#	0
%$	0
%%	2
%^	3
%&	0
%*	0
%(	2
%)	1847
%-	93
%_	0
%=	2
%+	11
%\	0
%|	0
%]	2
%}	0
%[	0
%{	0
%"	20
%'	13
%;	268
%:	23
%/	9
%?	4
%.	2317
%>	0
%,	1486
%<	24
%§	25923
%¶	521
%¬	0
^a	1
^b	0
^c	1
^d	1
^e	1
^f	0
^g	0
^h	0
^i	0
^j	0
^k	0
^l	0
^m	0
^n	2
^o	0
^p	0
^q	0
^r	2
^s	4
^t	9
^u	0
^v	0
^w	0
^x	0
^y	0
^z	0
^A	0
^B	0
^C	0
^D	0
^E	0
^F	0
^G	0
^H	0
^I	0
^J	0
^K	0
^L	0
^M	8
^N	0
^O	0
^P	0
^Q	0
^R	0
^S	0
^T	0
^U	0
^V	0
^W	0
^X	0
^Y	0
^Z	0
^1	3
^2	60
^3	3
^4	0
^5	1
^6	1
^7	0
^8	3
^9	8
^0	0
^`	0
^~	0
^!	0
^@	0
^#	1
^$	0
^%	1
^^	0
^&	2
^*	0
^(	0
^)	0
^-	1
^_	0
^=	1
^+	0
^\	2
^|	0
^]	0
^}	0
^[	0
^{	73
^"	2
^'	0
^;	0
^:	0
^/	0
^?	0
^.	0
^>	0
^,	0
^<	0
^§	3
^¶	0
^¬	0
&a	10478
&b	0
&c	671
&d	4
&e	4
&f	2415
&g	282
&h	1
&i	3
&j	0
&k	0
&l	390
&m	5
&n	0
&o	3
&p	74
&q	21
&r	34
&s	11
&t	4
&u	1
&v	1
&w	0
&x	0
&y	0
&z	0
&A	83
&B	254
&C	41
&D	200
&E	67
&F	14
&G	25
&H	18
&I	14
&J	10
&K	4
&L	91
&M	154
&N	47
&O	72
&P	112
&Q	14
&R	99
&S	110
&T	122
&U	9
&V	0
&W	36
&X	1
&Y	17
&Z	0
&1	1
&2	5
&3	2
&4	0
&5	0
&6	0
&7	0
&8	0
&9	0
&0	0
&`	0
&~	0
&!	0
&@	0
&#	0
&$	0
&%	0
&^	0
&&	10
&*	4
&(	0
&)	0
&-	0
&_	0
&=	0
&+	0
&\	3
&|	0
&]	0
&}	0
&[	0
&{	0
&"	3
&'	0
&;	0
&:	0
&/	1
&?	0
&.	2
&>	0
&,	4
&<	0
&§	4497
&¶	53
&¬	0
*a	47
*b	15
*c	26
*d	20
*e	22
*f	12
*g	6
*h	9
*i	28
*j	6
*k	23
*l	14
*m	13
*n	16
*o	16
*p	18
*q	4
*r	20
*s	36
*t	33
*u	7
*v	7
*w	41
*x	7
*y	7
*z	1
*A	145
*B	35
*C	97
*D	58
*E	70
*F	63
*G	31
*H	43
*I	182
*J	10
*K	11
*L	48
*M	58
*N	79
*O	48
*P	67
*Q	5
*R	48
*S	110
*T	222
*U	32
*V	19
*W	80
*X	1
*Y	11
*Z	2
*1	96
*2	61
*3	17
*4	10
*5	10
*6	9
*7	3
*8	11
*9	11
*0	23
*`	1
*~	0
*!	4
*@	2
*#	4
*$	2
*%	0
*^	0
*&	2
**	1603
*(	1
*)	46
*-	67
*_	1
*=	0
*+	0
*\	0
*|	0
*]	26
*}	1
*[	3
*{	0
*"	49
*'	22
*;	83
*:	8
*/	11
*?	4
*.	154
*>	0
*,	83
*<	1
*§	11478
*¶	2408
*¬	0
(a	23240
(b	7409
(c	6499
(d	3386
(e	7142
(f	7019
(g	1253
(h	2859
(i	13000
(j	337
(k	704
(l	4445
(m	3606
(n	4949
(o	9605
(p	6610
(q	245
(r	3673
(s	15039
(t	14905
(u	2425
(v	1380
(w	10364
(x	311
(y	455
(z	86
(A	7240
(B	4525
(C	7731
(D	3740
(E	3691
(F	5345
(G	5129
(H	3649
(I	4703
(J	2186
(K	1471
(L	3785
(M	5812
(N	4196
(O	2052
(P	4873
(Q	306
(R	3713
(S	8288
(T	5574
(U	2633
(V	1102
(W	3038
(X	176
(Y	502
(Z	238
(1	31899
(2	8773
(3	4231
(4	3083
(5	2177
(6	1890
(7	1518
(8	1296
(9	1165
(0	1581
(`	21
(~	59
(!	70
(@	2
(#	528
($	1005
(%	14
(^	0
(&	162
(*	62
((	41
()	402
(-	218
(_	1203
(=	63
(+	144
(\	4
(|	3
(]	2
(}	0
([	62
({	5
("	5550
('	2507
(;	47
(:	7
(/	16
(?	89
(.	143
(>	15
(,	1172
(<	20
(§	1167
(¶	4
(¬	0
)a	142
)b	25
)c	36
)d	23
)e	20
)f	28
)g	8
)h	22
)i	81
)j	1
)k	1
)l	12
)m	32
)n	15
)o	56
)p	22
)q	0
)r	20
)s	51
)t	56
)u	8
)v	34
)w	64
)x	1
)y	3
)z	2
)A	30
)B	11
)C	36
)D	15
)E	13
)F	15
)G	13
)H	12
)I	17
)J	5
)K	6
)L	12
)M	22
)N	8
)O	7
)P	40
)Q	3
)R	9
)S	23
)T	65
)U	7
)V	5
)W	13
)X	1
)Y	4
)Z	1
)1	23
)2	35
)3	9
)4	5
)5	5
)6	3
)7	5
)8	4
)9	1
)0	5
)`	0
)~	0
)!	27
)@	0
)#	2
)$	4
)%	3
)^	0
)&	10
)*	11
)(	1444
))	790
)-	1592
)_	58
)=	6
)+	4
)\	20
)|	3
)]	130
)}	8
)[	464
){	5
)"	612
)'	653
);	5616
):	2148
)/	57
)?	302
).	69231
)>	0
),	58672
)<	221
)§	154338
)¶	23952
)¬	10
-a	36431
-b	44069
-c	49818
-d	31177
-e	26826
-f	33868
-g	16039
-h	26235
-i	21986
-j	2014
-k	5386
-l	32526
-m	30376
-n	11108
-o	40979
-p	35879
-q	2122
-r	29428
-s	61952
-t	60027
-u	14086
-v	4608
-w	29145
-x	78
-y	14860
-z	551
-A	8321
-B	5736
-C	8592
-D	4470
-E	3745
-F	3632
-G	5024
-H	4638
-I	5927
-J	2487
-K	1571
-L	3711
-M	7957
-N	2649
-O	2223
-P	6205
-Q	589
-R	4496
-S	9710
-T	7451
-U	1516
-V	1252
-W	3912
-X	248
-Y	841
-Z	504
-1	24568
-2	9125
-3	5262
-4	4378
-5	3397
-6	3815
-7	3102
-8	3340
-9	2791
0	3122
-`	18
-~	2
-!	77
-@	0
-#	10
-$	85
-%	1
-^	0
-&	22
-*	3
-(	566
-)	196
--	135477
-_	752
-=	2
-+	281
-\	14
-|	3
-]	52
-}	0
-[	111
-{	1
-"	5763
-'	4986
-;	65
-:	10
-/	33
-?	182
-.	417
->	1607
-,	501
-<	2
-§	162949
-¶	6798
-¬	0
_a	1279
_b	619
_c	955
_d	798
_e	470
_f	624
_g	349
_h	925
_i	874
_j	62
_k	153
_l	485
_m	924
_n	554
_o	509
_p	706
_q	71
_r	405
_s	1405
_t	1441
_u	175
_v	306
_w	887
_x	8
_y	307
_z	17
_A	1326
_B	699
_C	1022
_D	628
_E	596
_F	832
_G	612
_H	820
_I	852
_J	402
_K	156
_L	772
_M	1092
_N	529
_O	390
_P	953
_Q	64
_R	493
_S	1368
_T	2163
_U	111
_V	259
_W	631
_X	18
_Y	135
_Z	27
_1	1212
_2	508
_3	442
_4	328
_5	267
_6	221
_7	202
_8	201
_9	173
_0	0
_`	0
_~	0
_!	432
_@	0
_#	18
_$	5
_%	0
_^	0
_&	8
_*	5
_(	50
_)	996
_-	841
__	828
_=	2
_+	0
_\	6
_|	10
_]	436
_}	0
_[	33
_{	96
_"	702
_'	164
_;	602
_:	216
_/	4
_?	262
_.	3775
_>	0
_,	6085
_<	0
_§	14494
_¶	3219
_¬	0
#NAME?	23
#NAME?	13
#NAME?	17
#NAME?	17
#NAME?	9
#NAME?	6
#NAME?	2
#NAME?	7
#NAME?	7
#NAME?	4
#NAME?	13
#NAME?	12
#NAME?	9
#NAME?	5
#NAME?	7
#NAME?	9
#NAME?	5
#NAME?	6
#NAME?	24
#NAME?	14
#NAME?	1
#NAME?	12
#NAME?	8
#NAME?	5
#NAME?	9
#NAME?	3
#NAME?	25
#NAME?	26
#NAME?	38
#NAME?	13
#NAME?	13
#NAME?	10
#NAME?	27
#NAME?	23
#NAME?	11
#NAME?	5
#NAME?	8
#NAME?	14
#NAME?	25
#NAME?	10
#NAME?	6
#NAME?	60
#NAME?	3
#NAME?	15
#NAME?	29
#NAME?	54
#NAME?	6
#NAME?	11
#NAME?	40
#NAME?	3
#NAME?	3
#NAME?	6
1	229
2	89
3	91
4	54
5	42
6	33
7	27
8	27
9	30
0	340
#NAME?	0
Err:510	0
Err:510	1
#NAME?	0
#NAME?	0
#NAME?	5
Err:520	0
Err:510	0
Err:510	5
Err:510	0
Err:511	19
Err:508	13
Err:520	103
#NAME?	3
Err:520	954
Err:520	16
#NAME?	41
Err:509	1
Err:507	8
Err:508	0
Err:507	4
Err:512	28
#NAME?	418
#NAME?	13
Err:509	13
Err:510	8
Err:510	1
#NAME?	5
#NAME?	33
Err:510	5
Err:509	81
Err:510	0
Err:501	2712
Err:501	158
Err:501	0
+a	6
+b	1
+c	4
+d	3
+e	2
+f	2
+g	4
+h	3
+i	5
+j	0
+k	6
+l	5
+m	13
+n	4
+o	0
+p	15
+q	0
+r	5
+s	15
+t	2
+u	14
+v	6
+w	0
+x	10
+y	0
+z	1
+A	36
+B	11
+C	42
+D	11
+E	10
+F	7
+G	7
+H	4
+I	11
+J	3
+K	3
+L	7
+M	29
+N	4
+O	5
+P	4
+Q	1
+R	2
+S	10
+T	17
+U	2
+V	12
+W	3
+X	7
+Y	1
+Z	2
1	497
2	149
3	81
4	120
5	46
6	25
7	22
8	20
9	8
0	33
+`	0
+~	0
+!	1
+@	4
+#	0
+$	3
+%	2
+^	0
+&	16
+*	1
+(	1
+)	168
+-	355
+_	3
+=	10
++	544
+\	11
+|	5
+]	0
+}	0
+[	0
+{	0
+"	21
+'	15
+;	5
+:	5
+/	71
+?	3
+.	150
+>	0
+,	163
+<	0
+§	2570
+¶	183
+¬	0
\a	36
\b	47
\c	48
\d	16
\e	44
\f	101
\g	11
\h	9
\i	15
\j	0
\k	0
\l	27
\m	48
\n	14
\o	5
\p	32
\q	18
\r	27
\s	50
\t	44
\u	0
\v	3
\w	5
\x	5
\y	0
\z	5
\A	2
\B	0
\C	3
\D	8
\E	3
\F	1
\G	5
\H	2
\I	0
\J	0
\K	0
\L	2
\M	2
\N	1
\O	0
\P	2
\Q	2
\R	4
\S	10
\T	1
\U	1
\V	0
\W	10
\X	1
\Y	1
\Z	1
\1	19
\2	7
\3	7
\4	8
\5	3
\6	1
\7	4
\8	2
\9	3
\0	1
\`	0
\~	0
\!	0
\@	1
\#	0
\$	0
\%	1
\^	0
\&	1
\*	2
\(	0
\)	3
\-	2
\_	2
\=	2
\+	0
\\	55
\|	6
\]	2
\}	0
\[	2
\{	6
\"	3
\'	9
\;	1
\:	0
\/	1
\?	0
\.	3
\>	0
\,	7
\<	0
\§	78
\¶	55
\¬	0
|a	17
|b	7
|c	18
|d	6
|e	13
|f	10
|g	4
|h	3
|i	4
|j	1
|k	0
|l	8
|m	3
|n	4
|o	7
|p	16
|q	0
|r	21
|s	14
|t	83
|u	12
|v	2
|w	5
|x	3
|y	1
|z	0
|A	25
|B	14
|C	12
|D	6
|E	4
|F	6
|G	6
|H	3
|I	13
|J	2
|K	6
|L	6
|M	4
|N	14
|O	12
|P	21
|Q	4
|R	11
|S	44
|T	25
|U	1
|V	5
|W	6
|X	0
|Y	0
|Z	0
|1	14
|2	20
|3	14
|4	8
|5	4
|6	2
|7	3
|8	2
|9	0
|0	1
|`	0
|~	8
|!	0
|@	0
|#	0
|$	4
|%	0
|^	0
|&	0
|*	0
|(	2
|)	3
|-	13
|_	12
|=	0
|+	0
|\	12
||	78
|]	1
|}	0
|[	1
|{	2
|"	2
|'	0
|;	0
|:	0
|/	0
|?	1
|.	11
|>	0
|,	3
|<	0
|§	2921
|¶	1729
|¬	0
]a	423
]b	107
]c	136
]d	78
]e	65
]f	113
]g	31
]h	202
]i	264
]j	9
]k	14
]l	43
]m	78
]n	64
]o	153
]p	78
]q	8
]r	69
]s	150
]t	306
]u	52
]v	14
]w	272
]x	3
]y	15
]z	0
]A	609
]B	60
]C	220
]D	12
]E	184
]F	142
]G	11
]H	19
]I	95
]J	8
]K	23
]L	11
]M	17
]N	24
]O	16
]P	27
]Q	171
]R	57
]S	65
]T	60
]U	4
]V	21
]W	34
]X	1
]Y	10
]Z	0
]1	1057
]2	949
]3	557
]4	50
]5	3
]6	3
]7	0
]8	0
]9	0
]0	2
]`	0
]~	0
]!	4
]@	0
]#	4
]$	0
]%	0
]^	0
]&	1
]*	0
](	43
])	155
]-	220
]_	4
]=	23
]+	1
]\	0
]|	1
]]	90
]}	3
][	59
]{	4
]"	39
]'	76
];	71
]:	50
]/	19
]?	14
].	1948
]>	4
],	795
]<	3
]§	5326
]¶	6246
]¬	0
}a	21
}b	3
}c	3
}d	1
}e	2
}f	3
}g	18
}h	0
}i	13
}j	1
}k	0
}l	0
}m	3
}n	1
}o	15
}p	2
}q	1
}r	5
}s	5
}t	19
}u	6
}v	4
}w	7
}x	5
}y	1
}z	0
}A	6
}B	0
}C	4
}D	1
}E	2
}F	1
}G	0
}H	0
}I	1
}J	0
}K	0
}L	0
}M	0
}N	0
}O	3
}P	0
}Q	0
}R	1
}S	0
}T	5
}U	0
}V	0
}W	1
}X	0
}Y	0
}Z	0
}1	8
}2	2
}3	0
}4	0
}5	0
}6	0
}7	0
}8	1
}9	0
}0	0
}`	0
}~	0
}!	0
}@	0
}#	0
}$	0
}%	0
}^	48
}&	0
}*	0
}(	4
})	10
}-	22
}_	0
}=	19
}+	19
}\	58
}|	0
}]	27
}}	42
}[	0
}{	42
}"	0
}'	7
};	6
}:	0
}/	0
}?	0
}.	45
}>	1
},	46
}<	3
}§	580
}¶	414
}¬	0
[a	497
[b	174
[c	232
[d	199
[e	121
[f	125
[g	31
[h	398
[i	337
[j	12
[k	21
[l	98
[m	109
[n	109
[o	243
[p	270
[q	8
[r	83
[s	532
[t	769
[u	48
[v	22
[w	237
[x	129
[y	16
[z	5
[A	373
[B	284
[C	306
[D	136
[E	194
[F	867
[G	157
[H	192
[I	2860
[J	102
[K	105
[L	149
[M	380
[N	134
[O	57
[P	303
[Q	31
[R	152
[S	812
[T	394
[U	33
[V	26
[W	146
[X	1
[Y	14
[Z	1
[1	5702
[2	892
[3	631
[4	396
[5	306
[6	243
[7	220
[8	173
[9	180
[0	13
[`	2
[~	0
[!	3
[@	0
[#	1
[$	2
[%	2
[^	0
[&	1
[*	40
[(	20
[)	2
[-	50
[_	285
[=	16
[+	9
[\	2
[|	0
[]	29
[}	0
[[	89
[{	1
["	133
['	60
[;	1
[:	1
[/	48
[?	37
[.	273
[>	0
[,	12
[<	0
[§	51
[¶	5
[¬	0
{a	22
{b	2
{c	5
{d	7
{e	18
{f	3
{g	19
{h	1
{i	37
{j	9
{k	12
{l	3
{m	6
{n	17
{o	1
{p	40
{q	0
{r	2
{s	13
{t	12
{u	13
{v	11
{w	2
{x	79
{y	9
{z	1
{A	20
{B	2
{C	36
{D	6
{E	1
{F	3
{G	4
{H	23
{I	4
{J	0
{K	0
{L	4
{M	31
{N	1
{O	0
{P	15
{Q	0
{R	3
{S	5
{T	35
{U	2
{V	1
{W	6
{X	0
{Y	0
{Z	0
{1	288
{2	121
{3	36
{4	43
{5	41
{6	43
{7	38
{8	42
{9	28
{0	52
{`	0
{~	0
{!	0
{@	0
{#	0
{$	0
{%	0
{^	0
{&	0
{*	4
{(	4
{)	0
{-	8
{_	0
{=	0
{+	0
{\	57
{|	0
{]	1
{}	14
{[	0
{{	2
{"	3
{'	2
{;	0
{:	0
{/	0
{?	0
{.	10
{>	1
{,	1
{<	0
{§	117
{¶	77
{¬	0
"a	11210
"b	6010
"c	6580
"d	4561
"e	3372
"f	4651
"g	2833
"h	4606
"i	5862
"j	706
"k	946
"l	3423
"m	4609
"n	3383
"o	3283
"p	6165
"q	371
"r	3892
"s	10009
"t	13997
"u	1557
"v	1319
"w	5303
"x	156
"y	1381
"z	133
"A	17808
"B	12788
"C	10081
"D	9327
"E	4759
"F	5908
"G	6813
"H	12593
"I	37471
"J	2826
"K	2583
"L	6962
"M	11332
"N	10990
"O	9806
"P	8064
"Q	560
"R	5352
"S	16646
"T	33949
"U	1814
"V	2032
"W	22639
"X	366
"Y	12233
"Z	356
"1	362
"2	222
"3	140
"4	87
"5	78
"6	62
"7	58
"8	33
"9	58
"0	43
"`	71
"~	2
"!	51
"@	5
"#	28
"$	15
"%	4
"^	2
"&	7
"*	102
"(	319
")	8958
"-	2978
"_	1410
"=	20
"+	7
"\	4
"|	84
"]	411
"}	4
"[	543
"{	3
""	84
"'	2078
";	1585
":	490
"/	122
"?	137
".	21449
">	200
",	27617
"<	63
"§	220197
"¶	94109
"¬	0
'a	17376
'b	7635
'c	12291
'd	32543
'e	9522
'f	6304
'g	4031
'h	5613
'i	9522
'j	718
'k	1179
'l	34311
'm	31443
'n	7011
'o	6883
'p	9401
'q	465
'r	30577
's	540347
't	154177
'u	2766
'v	26533
'w	7315
'x	51
'y	1961
'z	152
'A	19555
'B	11843
'C	8508
'D	8837
'E	4912
'F	4733
'G	5935
'H	14749
'I	58368
'J	2652
'K	1389
'L	6512
'M	9718
'N	12506
'O	10742
'P	6372
'Q	531
'R	3990
'S	19684
'T	36513
'U	1391
'V	1377
'W	30522
'X	90
'Y	16747
'Z	198
'1	357
'2	178
'3	146
'4	167
'5	279
'6	534
'7	552
'8	560
'9	955
'0	148
'`	0
'~	0
'!	342
'@	2
'#	4
'$	6
'%	3
'^	0
'&	7
'*	16
'(	6872
')	3839
'-	4793
'_	238
'=	17
'+	14
'\	17
'|	0
']	83
'}	5
'[	313
'{	5
'"	1322
''	2984
';	2098
':	1015
'/	55
'?	1102
'.	36970
'>	7
',	27550
'<	4
'§	211478
'¶	162088
'¬	0
;a	38
;b	24
;c	60
;d	46
;e	22
;f	28
;g	10
;h	39
;i	227
;j	3
;k	13
;l	140
;m	83
;n	5
;o	66
;p	306
;q	4
;r	17
;s	227
;t	51
;u	1
;v	5
;w	25
;x	19
;y	4
;z	0
;A	188
;B	171
;C	78
;D	380
;E	58
;F	40
;G	72
;H	39
;I	36
;J	10
;K	18
;L	47
;M	141
;N	25
;O	61
;P	191
;Q	27
;R	225
;S	119
;T	751
;U	4
;V	9
;W	68
;X	6
;Y	65
;Z	0
;1	74
;2	24
;3	17
;4	6
;5	15
;6	9
;7	17
;8	2
;9	4
;0	216
;`	0
;~	0
;!	0
;@	0
;#	0
;$	0
;%	22
;^	0
;&	2
;*	67
;(	865
;)	97
;-	715
;_	34
;=	37
;+	1
;\	2
;|	0
;]	6
;}	0
;[	1277
;{	0
;"	1219
;'	267
;;	37
;:	12
;/	55
;?	10
;.	194
;>	0
;,	218
;<	4
;§	229850
;¶	12705
;¬	0
:a	123
:b	71
:c	149
:d	39
:e	43
:f	65
:g	23
:h	29
:i	62
:j	3
:k	8
:l	41
:m	33
:n	72
:o	39
:p	92
:q	2
:r	32
:s	74
:t	173
:u	1
:v	13
:w	40
:x	26
:y	11
:z	6
:A	247
:B	126
:C	138
:D	104
:E	79
:F	100
:G	103
:H	92
:I	176
:J	37
:K	15
:L	73
:M	145
:N	57
:O	68
:P	92
:Q	6
:R	82
:S	360
:T	390
:U	26
:V	26
:W	104
:X	3
:Y	36
:Z	3
:1	2348
:2	1173
:3	1007
:4	609
:5	442
:6	179
:7	173
:8	142
:9	188
:0	1994
:`	0
:~	0
:!	0
:@	1
:#	4
:$	7
:%	0
:^	0
:&	14
:*	18
:(	1018
:)	49
:-	1754
:_	67
:=	31
:+	0
:\	6
:|	1
:]	37
:}	0
:[	183
:{	0
:"	235
:'	194
:;	9
::	52
:/	582
:?	8
:.	350
:>	4
:,	85
:<	36
:§	146360
:¶	26782
:¬	1
/a	960
/b	529
/c	1140
/d	827
/e	593
/f	511
/g	328
/h	1136
/i	401
/j	59
/k	219
/l	1206
/m	869
/n	307
/o	2540
/p	1035
/q	32
/r	844
/s	1935
/t	752
/u	147
/v	225
/w	950
/x	47
/y	88
/z	14
/A	936
/B	446
/C	873
/D	490
/E	651
/F	419
/G	464
/H	321
/I	645
/J	356
/K	178
/L	495
/M	753
/N	524
/O	830
/P	568
/Q	25
/R	422
/S	1087
/T	718
/U	299
/V	356
/W	432
/X	133
/Y	71
/Z	41
/1	2517
/2	2514
/3	1101
/4	1219
/5	514
/6	1190
/7	468
/8	1681
/9	620
/0	408
/`	0
/~	14
/!	4
/@	1
/#	2
/$	17
/%	0
/^	0
/&	71
/*	6
/(	31
/)	36
/-	75
/_	5
/=	0
/+	25
/\	2
/|	5
/]	16
/}	0
/[	0
/{	1
/"	92
/'	63
/;	74
/:	5
//	747
/?	17
/.	92
/>	51
/,	136
/<	0
/§	1710
/¶	66
/¬	0
?a	20
?b	3
?c	0
?d	2
?e	4
?f	1
?g	2
?h	3
?i	9
?j	0
?k	0
?l	1
?m	3
?n	1
?o	1
?p	8
?q	0
?r	0
?s	10
?t	4
?u	1
?v	7
?w	8
?x	5
?y	1
?z	0
?A	1
?B	0
?C	1
?D	0
?E	0
?F	0
?G	2
?H	0
?I	0
?J	0
?K	0
?L	0
?M	0
?N	1
?O	0
?P	1
?Q	0
?R	1
?S	1
?T	3
?U	0
?V	0
?W	3
?X	0
?Y	0
?Z	0
?1	3
?2	2
?3	2
?4	0
?5	0
?6	0
?7	0
?8	0
?9	1
?0	0
?`	0
?~	0
?!	108
?@	1
?#	1
?$	0
?%	0
?^	0
?&	5
?*	3
?(	172
?)	1053
?-	1165
?_	166
?=	3
?+	0
?\	0
?|	0
?]	91
?}	3
?[	8
?{	0
?"	28644
?'	40398
?;	21
?:	62
?/	4
??	66
?.	371
?>	4
?,	260
?<	0
?§	21563
?¶	66866
?¬	0
.a	639
.b	255
.c	2574
.d	391
.e	4093
.f	213
.g	4065
.h	394
.i	472
.j	104
.k	118
.l	191
.m	1970
.n	192
.o	514
.p	642
.q	31
.r	139
.s	749
.t	426
.u	196
.v	119
.w	217
.x	51
.y	62
.z	11
.A	2748
.B	1699
.C	4594
.D	1663
.E	1225
.F	604
.G	679
.H	853
.I	1381
.J	1424
.K	772
.L	2416
.M	1280
.N	559
.O	814
.P	1012
.Q	183
.R	3764
.S	11396
.T	1431
.U	191
.V	282
.W	685
.X	74
.Y	229
.Z	59
0.1	10403
0.2	9738
0.3	8735
0.4	7030
0.5	12006
0.6	5479
0.7	5548
0.8	5162
0.9	7442
0	6766
.`	0
.~	3
.!	50
.@	4
.#	46
.$	11
.%	0
.^	3
.&	11
.*	87
.(	264
.)	10574
.-	5336
._	3763
.=	232
.+	17
.\	36
.|	17
.]	3270
.}	43
.[	1295
.{	8
."	85029
.'	114727
.;	524
.:	396
./	208
.?	143
..	92523
.>	15
.,	10604
.<	213
.§	1223149
.¶	2323503
.¬	162
>a	5
>b	3
>c	4
>d	1
>e	1
>f	3
>g	0
>h	4
>i	5
>j	0
>k	1
>l	1
>m	6
>n	1
>o	0
>p	7
>q	0
>r	6
>s	8
>t	4
>u	0
>v	4
>w	2
>x	0
>y	0
>z	0
>A	10
>B	4
>C	3
>D	7
>E	3
>F	6
>G	0
>H	3
>I	3
>J	1
>K	0
>L	1
>M	3
>N	3
>O	4
>P	4
>Q	0
>R	2
>S	9
>T	17
>U	5
>V	0
>W	1
>X	0
>Y	3
>Z	0
>1	21
>2	7
>3	6
>4	2
>5	6
>6	3
>7	2
>8	1
>9	2
>0	11
>`	0
>~	0
>!	0
>@	0
>#	0
>$	0
>%	0
>^	0
>&	0
>*	2
>(	4
>)	5
>-	139
>_	1
>=	6
>+	0
>\	1
>|	0
>]	3
>}	0
>[	3
>{	0
>"	14
>'	8
>;	3
>:	1
>/	3
>?	0
>.	17
>>	113
>,	25
><	60
>§	531
>¶	2594
>¬	0
,a	461
,b	191
,c	230
,d	122
,e	308
,f	104
,g	51
,h	129
,i	250
,j	25
,k	17
,l	96
,m	163
,n	136
,o	132
,p	238
,q	50
,r	90
,s	213
,t	316
,u	37
,v	53
,w	251
,x	7
,y	56
,z	10
,A	332
,B	206
,C	313
,D	213
,E	169
,F	139
,G	153
,H	181
,I	209
,J	89
,K	44
,L	198
,M	286
,N	167
,O	81
,P	297
,Q	6
,R	175
,S	402
,T	1026
,U	43
,V	63
,W	148
,X	19
,Y	29
,Z	19
,1	2480
,2	2615
,3	2053
,4	1987
,5	4228
,6	1846
,7	1799
,8	1745
,9	1435
,0	37883
,`	0
,~	0
,!	4
,@	1
,#	6
,$	2
,%	0
,^	0
,&	13
,*	23
,(	1491
,)	467
,-	7511
,_	160
,=	1
,+	4
,\	6
,|	7
,]	31
,}	1
,[	542
,{	10
,"	63266
,'	58494
,;	106
,:	13
,/	11
,?	8
,.	831
,>	0
,,	308
,<	18
,§	4432635
,¶	92372
,¬	5
<a	7
<b	488
<c	5
<d	8
<e	5
<f	6
<g	142
<h	9
<i	16
<j	4
<k	1
<l	2
<m	14
<n	1
<o	13
<p	57
<q	0
<r	4
<s	212
<t	5
<u	2
<v	8
<w	9
<x	27
<y	1
<z	2
<A	0
<B	131
<C	7
<D	2
<E	1
<F	0
<G	0
<H	2
<I	4
<J	0
<K	0
<L	0
<M	5
<N	0
<O	0
<P	2
<Q	0
<R	0
<S	25
<T	2
<U	2
<V	4
<W	2
<X	1
<Y	1
<Z	0
<1	10
<2	2
<3	2
<4	2
<5	3
<6	0
<7	2
<8	0
<9	0
<0	16
<`	0
<~	0
<!	8
<@	0
<#	0
<$	0
<%	0
<^	0
<&	0
<*	0
<(	0
<)	0
<-	5
<_	0
<=	5
<+	0
<\	5
<|	0
<]	0
<}	1
<[	1
<{	0
<"	0
<'	2
<;	0
<:	0
</	535
<?	4
<.	7
<>	35
<,	1
<<	24
<§	56
<¶	2
<¬	0
§a	8355778
§b	3109670
§c	3202138
§d	1995756
§e	1614619
§f	2820559
§g	1044486
§h	3144429
§i	4346249
§j	191539
§k	276700
§l	1597640
§m	2363261
§n	1330770
§o	5139166
§p	2648989
§q	133430
§r	1855189
§s	4447319
§t	11149591
§u	778718
§v	462252
§w	4286976
§x	4379
§y	574384
§z	9599
§A	578817
§B	453073
§C	624574
§D	291806
§E	278273
§F	267862
§G	323327
§H	353214
§I	656742
§J	210571
§K	124631
§L	285871
§M	517020
§N	236156
§O	168906
§P	378300
§Q	23290
§R	297744
§S	665224
§T	583984
§U	131767
§V	85990
§W	295835
§X	15440
§Y	59249
§Z	20789
§1	462202
§2	169745
§3	70762
§4	50052
§5	44436
§6	35966
§7	29416
§8	26489
§9	21471
§0	10065
§`	1001
§~	88
§!	958
§@	63
§#	1691
§$	23688
§%	143
§^	43
§&	13967
§*	13159
§(	280512
§)	5877
§-	159877
§_	23342
§=	2886
§+	2267
§\	234
§|	4477
§]	274
§}	105
§[	11410
§{	695
§"	267654
§'	237995
§;	1681
§:	2944
§/	2151
§?	1643
§.	34288
§>	113
§,	27248
§<	528
§§	1107733
§¶	24982
§¬	14
¶a	98369
¶b	44956
¶c	54055
¶d	34150
¶e	28989
¶f	43049
¶g	19397
¶h	54337
¶i	47460
¶j	2939
¶k	5144
¶l	27247
¶m	38880
¶n	20296
¶o	53471
¶p	43819
¶q	2948
¶r	28223
¶s	77708
¶t	134968
¶u	12592
¶v	7904
¶w	66313
¶x	89
¶y	8878
¶z	131
¶A	267690
¶B	139836
¶C	85925
¶D	61476
¶E	56029
¶F	86265
¶G	34887
¶H	168404
¶I	360481
¶J	24896
¶K	11997
¶L	49882
¶M	100558
¶N	62571
¶O	87713
¶P	69809
¶Q	4034
¶R	45763
¶S	180047
¶T	619329
¶U	20394
¶V	11542
¶W	139346
¶X	1200
¶Y	33630
¶Z	1475
¶1	14651
¶2	8150
¶3	4835
¶4	3717
¶5	2856
¶6	2094
¶7	1750
¶8	1395
¶9	1215
¶0	670
¶`	190
¶~	10
¶!	203
¶@	5
¶#	33
¶$	186
¶%	7
¶^	1
¶&	148
¶*	1962
¶(	18468
¶)	35
¶-	1956
¶_	5009
¶=	263
¶+	153
¶\	39
¶|	316
¶]	16
¶}	16
¶[	5335
¶{	313
¶"	106010
¶'	196584
¶;	3
¶:	106
¶/	69
¶?	69
¶.	1600
¶>	15
¶,	261
¶<	427
¶§	119933
¶¶	2326290
¶¬	298
¬a	37
¬b	12
¬c	16
¬d	5
¬e	10
¬f	5
¬g	0
¬h	4
¬i	17
¬j	0
¬k	2
¬l	6
¬m	15
¬n	5
¬o	10
¬p	24
¬q	0
¬r	10
¬s	4
¬t	28
¬u	8
¬v	1
¬w	8
¬x	0
¬y	0
¬z	0
¬A	26
¬B	3
¬C	7
¬D	3
¬E	5
¬F	6
¬G	1
¬H	3
¬I	29
¬J	0
¬K	0
¬L	13
¬M	2
¬N	10
¬O	12
¬P	5
¬Q	0
¬R	4
¬S	15
¬T	88
¬U	1
¬V	0
¬W	9
¬X	0
¬Y	5
¬Z	0
¬1	1
¬2	2
¬3	2
¬4	2
¬5	4
¬6	2
¬7	2
¬8	2
¬9	0
¬0	0
¬`	0
¬~	0
¬!	0
¬@	0
¬#	0
¬$	0
¬%	0
¬^	0
¬&	0
¬*	4
¬(	0
¬)	0
¬-	0
¬_	0
¬=	0
¬+	0
¬\	0
¬|	0
¬]	0
¬}	0
¬[	0
¬{	0
¬"	4
¬'	1
¬;	0
¬:	0
¬/	0
¬?	0
¬.	0
¬>	0
¬,	0
¬<	0
¬§	5
¬¶	0
¬¬	259
