ょう	193741
てい	111310
って	105226
しょ	97629
した	95523
ます	93409
です	89811
して	88279
す。	86635
ゅう	85614
ない	85567
た。	84572
った	77838
こう	71094
よう	70440
かい	68987
うし	66010
かん	65755
から	62685
こと	62609
＿（	62155
いま	60911
せい	60409
＿そ	59656
たい	59286
じょ	56947
＿こ	56376
は、	56282
いし	55457
せん	54345
ので	54001
＿と	51907
うに	51084
まし	50773
んで	50743
・・	50074
んの	48679
＿し	48656
いの	48249
んし	48042
＿か	47688
さい	47670
いた	46259
する	46196
しゃ	45740
＿い	45263
しゅ	45113
だい	45103
とう	45016
さん	44272
いる	43421
うか	42892
りま	42737
いで	42513
しん	41956
うの	41717
いち	40872
んが	40704
がい	39844
おも	39821
とい	39732
＿あ	39587
が、	39576
そう	38759
きょ	38438
どう	38395
＿お	38352
いと	37970
いて	37716
ほう	37529
ある	37343
んに	37031
いか	36251
たし	35899
とお	35764
しま	35186
て、	34396
じゅ	34259
けん	33951
ると	33879
んと	33222
でし	33173
いう	33112
＿に	32878
んじ	32855
うが	32113
いっ	31747
いい	31525
てき	31160
いに	31030
のか	30742
＿。	30733
るの	30572
んか	30398
はな	30377
けい	30338
＿ま	30281
んな	30182
にな	29942
その	29905
には	29840
たの	29753
もい	29744
る。	29655
もの	29409
なか	29245
＿じ	28838
ぶん	28786
うで	28489
りょ	28431
＿さ	28287
すが	28178
はい	28173
んだ	27946
ちょ	27814
わた	27454
のこ	27329
とし	27227
で、	27098
らい	27061
では	27032
ねん	26970
うじ	26956
のし	26914
＿き	26774
＿わ	26690
うと	26471
ょく	26414
ませ	26202
＿な	26148
ひと	26126
＿・	26086
あり	26024
かく	25982
んを	25934
うな	25914
くし	25767
あい	25452
＿た	25447
いん	25371
かっ	25298
＿は	25213
いき	25211
この	24941
でき	24269
んは	23955
こん	23762
いが	23737
っと	23706
げん	23677
があ	23640
いな	23529
のは	23497
それ	23280
い。	23235
であ	23035
＿の	22973
にか	22919
うい	22861
いじ	22719
とは	22662
るこ	22624
なっ	22196
いは	21853
され	21824
れて	21819
きに	21630
＿で	21258
にん	21215
なん	20981
のう	20945
すか	20910
でも	20873
なら	20715
うを	20634
ても	20326
にし	20080
うき	20064
ら、	20029
うこ	20004
もう	19926
ぜん	19890
うは	19835
くに	19783
＿だ	19573
てく	19350
きゅ	19343
と、	19339
くな	19020
とき	18995
いさ	18851
れた	18750
たら	18689
くの	18637
じん	18627
れる	18584
しい	18505
なり	18479
んき	18324
てん	18269
しか	18263
とも	18261
に、	18220
ちゅ	18172
いこ	18112
かし	18107
れば	17998
とか	17962
ころ	17746
ほん	17671
＿ち	17657
いを	17653
くだ	17599
とが	17532
をし	17503
にち	17466
かな	17454
とこ	17418
たか	17415
がく	17372
まで	17316
なく	17283
んせ	17245
きな	17238
のじ	17168
し、	17124
きま	17112
つか	16745
＿が	16693
かの	16651
きん	16612
まい	16575
おお	16516
をか	16365
ゆう	16324
えん	16294
＿す	16252
しは	16174
かた	16151
にい	16133
＿ー	16114
とに	16109
もん	16102
り、	16098
にお	16023
＿も	15918
われ	15839
＿ど	15820
＿せ	15813
＿ふ	15798
たり	15713
られ	15670
うり	15662
こく	15613
のと	15613
なる	15562
のな	15545
だん	15486
たが	15427
のよ	15404
はん	15387
あっ	15383
るか	15328
とを	15292
なの	15283
ろう	15265
ん。	15242
つい	15179
。。	15177
んた	15165
うせ	15148
にも	15126
んど	15073
とり	15022
うす	15017
なが	15014
うち	15008
うさ	14965
なに	14955
もっ	14912
んこ	14885
かれ	14877
＿つ	14855
かり	14839
めい	14820
いく	14712
らな	14709
のき	14700
きの	14646
えて	14570
たん	14538
やく	14486
たち	14482
たと	14438
う。	14399
も、	14353
きた	14291
との	14270
をお	14241
うだ	14224
ださ	14162
だけ	14154
もし	14137
っし	14083
くは	14039
わか	14017
また	14000
とな	13985
のお	13966
いけ	13950
にあ	13793
まっ	13761
ぎょ	13748
のい	13738
のあ	13715
てし	13707
＿ひ	13707
たく	13676
ただ	13597
うけ	13423
＿み	13419
＿ほ	13344
れい	13327
のた	13303
しの	13298
んて	13287
これ	13223
＿ね	13220
かに	13148
おい	13102
だっ	13102
すよ	13102
＿け	13060
＿よ	13050
なし	12937
はし	12933
いせ	12880
まえ	12875
ては	12868
ため	12866
んす	12847
につ	12834
など	12831
はあ	12750
ばん	12712
かえ	12618
ざい	12589
れま	12567
のひ	12549
くら	12545
しき	12467
とで	12414
えい	12368
ちが	12344
い、	12318
かわ	12305
によ	12256
んさ	12249
いだ	12249
いす	12247
つの	12133
はじ	12127
ゃく	12122
＿を	12072
をつ	12061
いよ	12029
しな	12026
れは	11979
くを	11967
っく	11945
しつ	11890
っか	11877
あん	11784
＿ご	11765
さま	11764
じぶ	11736
らし	11675
はか	11659
がた	11583
じゃ	11576
てお	11570
のせ	11531
＿、	11528
でい	11519
より	11463
のほ	11450
いわ	11441
ね。	11414
くさ	11355
るよ	11318
がつ	11292
くて	11289
くり	11284
える	11279
でん	11228
っこ	11226
ーー	11112
のが	11066
いも	11035
おと	10960
すと	10937
つき	10932
ちに	10922
たー	10894
んい	10873
のだ	10753
うえ	10739
かか	10730
だと	10707
おし	10670
あた	10659
るい	10657
うた	10651
りか	10648
おり	10648
がし	10628
さく	10616
へん	10606
よ。	10603
にた	10502
とく	10500
のに	10459
せつ	10453
ーと	10426
ばい	10391
うほ	10359
ん、	10274
おく	10235
くと	10193
＿え	10191
もと	10182
＿く	10181
おき	10175
あげ	10155
ちゃ	10151
＿う	10147
がえ	10104
＿や	10091
がっ	10055
たこ	10053
だし	10050
くる	10037
だ。	10035
らん	10026
きが	9979
がお	9964
へい	9953
いえ	9939
ちか	9911
つも	9910
いろ	9849
のま	9840
みん	9829
きか	9811
てる	9792
のも	9760
ーる	9725
しく	9696
がで	9688
にゅ	9682
めん	9661
きて	9639
おう	9625
おん	9590
かけ	9570
をみ	9424
くれ	9423
りの	9412
れん	9408
もあ	9365
をも	9353
おこ	9346
たま	9316
ぼく	9301
ろく	9291
ふく	9271
うも	9251
けっ	9222
んち	9216
くが	9215
まん	9202
いり	9183
ごう	9176
んり	9168
ひょ	9163
んご	9161
はお	9123
つく	9116
いや	9116
つに	9093
もち	9062
はこ	9043
のち	9003
のさ	8941
ぼう	8934
う、	8926
ばあ	8918
く、	8908
ここ	8904
うよ	8891
そん	8883
たは	8873
おか	8871
がな	8869
つう	8854
きる	8797
つよ	8796
いつ	8773
りつ	8761
がか	8745
じつ	8726
ちの	8723
がら	8713
よい	8687
くす	8679
るし	8657
んけ	8645
がわ	8614
てま	8600
りし	8598
どの	8590
くで	8586
にき	8585
みな	8584
らく	8576
けて	8550
なた	8539
ぜろ	8506
きし	8490
っき	8466
つけ	8453
よく	8421
かも	8404
すい	8388
のみ	8385
にと	8368
なじ	8366
ける	8356
まり	8349
よん	8339
れな	8300
っぽ	8281
もな	8269
きで	8261
いれ	8247
あな	8245
めて	8241
じか	8230
はた	8210
せき	8206
んも	8196
うご	8183
みた	8162
かつ	8156
か、	8150
きは	8106
くじ	8104
すの	8066
をい	8044
＿て	8038
ゅー	8037
ば、	8007
はち	7981
きを	7964
こし	7963
くせ	7944
はつ	7941
しあ	7914
わり	7873
てか	7860
そく	7856
くい	7805
めに	7803
てみ	7794
ども	7779
いど	7758
だか	7747
らの	7741
すう	7719
をき	7658
りに	7649
っぱ	7645
すこ	7621
んば	7578
＿ぼ	7560
とと	7545
うん	7431
しに	7430
くか	7419
そこ	7407
をあ	7403
りー	7381
えに	7381
しが	7367
じめ	7363
ゅん	7355
か。	7327
てあ	7309
つし	7305
にす	7298
をと	7268
ーど	7249
＿り	7213
けれ	7208
にこ	7203
をは	7197
はっ	7193
ねが	7177
そし	7160
かが	7149
にっ	7146
ぞう	7114
りあ	7109
ちは	7097
なさ	7031
ごと	7025
うそ	7020
かで	7006
るも	6998
とっ	6986
をう	6978
たっ	6955
けで	6922
うぶ	6908
のけ	6901
＿へ	6874
すね	6863
がき	6858
みて	6807
のり	6777
こな	6773
しろ	6768
うま	6755
ちい	6750
いひ	6748
にじ	6746
はま	6730
ろい	6711
たに	6701
しえ	6691
なこ	6686
あら	6685
かと	6669
うひ	6666
んぶ	6634
き、	6632
んぐ	6596
をた	6580
うて	6559
なお	6558
ぽん	6557
まの	6548
のば	6544
たえ	6540
うど	6539
やっ	6511
しっ	6483
くろ	6482
らは	6480
はや	6469
らっ	6456
をさ	6451
ゅつ	6450
とつ	6442
しを	6411
きい	6360
わい	6353
っち	6342
のす	6323
かる	6317
でか	6305
とめ	6305
ーた	6295
ひん	6291
＿ば	6289
いお	6269
ぞく	6193
にく	6180
くち	6172
ての	6170
らか	6167
るま	6090
おな	6082
るで	6080
んぱ	6058
＿げ	6045
りで	6040
つを	6031
ろん	6017
りが	6015
すき	5996
けど	5995
うお	5994
よっ	5993
はそ	5983
れを	5982
あと	5959
をす	5958
えた	5948
やま	5903
がす	5899
もか	5897
きゃ	5893
りは	5885
はは	5880
きも	5876
た、	5870
ほど	5853
ん（	5839
やす	5827
いそ	5800
＿ゆ	5794
とす	5792
てな	5789
こに	5775
ゃん	5766
れが	5746
のて	5735
しら	5734
なみ	5732
んげ	5716
はき	5713
んま	5713
いあ	5698
るに	5697
ゃな	5686
のふ	5678
＿め	5667
（し	5660
かお	5653
るた	5636
えら	5629
がは	5628
さつ	5612
おね	5609
いら	5609
（あ	5602
しよ	5598
じっ	5589
たよ	5563
わる	5560
みの	5559
ちを	5556
んや	5535
くお	5534
みに	5533
める	5526
んざ	5522
でな	5505
まだ	5504
うつ	5504
たた	5503
んぜ	5501
ろし	5493
らに	5484
のを	5482
せっ	5473
んそ	5472
をこ	5466
くみ	5466
すく	5464
わら	5463
れに	5445
うふ	5435
まま	5428
んね	5427
つで	5424
たも	5414
んよ	5411
＿ぜ	5407
こえ	5402
いほ	5400
ど、	5391
でお	5375
れか	5374
るひ	5371
まち	5369
ひつ	5346
けた	5335
にさ	5319
ーの	5296
がん	5296
もお	5287
あの	5259
もら	5253
（い	5247
みま	5241
いぶ	5236
しも	5236
めた	5231
まに	5195
のく	5190
ゃの	5187
まわ	5177
ーす	5171
さき	5169
させ	5163
すれ	5145
わけ	5130
にの	5127
ーむ	5101
りす	5099
のそ	5098
はら	5096
（こ	5093
うめ	5091
っぷ	5076
めー	5071
かみ	5067
あつ	5052
りと	5051
ふた	5032
あれ	5030
でて	5027
をひ	5019
つは	5008
＿む	5008
ぱい	5002
う（	4996
せて	4985
おれ	4979
むか	4959
ばか	4941
とあ	4937
てこ	4935
なけ	4930
ょに	4930
めの	4930
たな	4920
りん	4914
つな	4908
ぱー	4905
＿ぶ	4890
きり	4883
んら	4879
を、	4872
しれ	4872
えの	4861
かー	4857
いご	4856
るが	4852
よる	4851
がう	4841
るな	4840
てた	4830
にで	4827
りを	4820
べて	4812
あわ	4812
くも	4807
はど	4803
はと	4800
べつ	4798
じし	4796
だろ	4796
うね	4782
せる	4768
のご	4766
にひ	4761
いみ	4758
すめ	4738
ふと	4729
すけ	4728
どこ	4724
すた	4718
んぴ	4716
ほし	4713
よろ	4709
るだ	4707
がこ	4706
すす	4705
るん	4703
（お	4692
もく	4684
あさ	4667
つま	4644
わっ	4640
うみ	4638
くわ	4637
がと	4635
いふ	4635
けつ	4627
しり	4604
つぎ	4600
れで	4583
らす	4563
ちじ	4554
つが	4551
でぃ	4540
（か	4536
んく	4535
るは	4535
ふぁ	4530
わし	4523
おや	4519
らだ	4505
すべ	4503
およ	4492
ぐら	4482
ろに	4476
りゅ	4476
ばし	4475
こは	4471
すて	4467
はく	4462
れの	4461
げま	4451
らで	4447
つづ	4446
こで	4442
での	4432
なき	4429
こど	4429
ょん	4426
しで	4415
えな	4414
でに	4413
たけ	4404
るほ	4400
ーじ	4391
かは	4374
まる	4367
っさ	4365
ひき	4359
たて	4359
えき	4358
かを	4353
うわ	4351
こっ	4348
がよ	4347
かさ	4344
とば	4341
うや	4333
うろ	4321
いぎ	4316
とん	4309
はさ	4308
がひ	4305
にに	4300
えま	4298
あか	4295
びょ	4287
にほ	4284
ろの	4280
ずか	4269
なも	4265
かげ	4264
＿れ	4259
わせ	4254
ぶつ	4254
けな	4254
つめ	4254
あま	4247
がみ	4241
うぎ	4237
だが	4234
はわ	4224
あし	4223
るき	4201
なな	4192
つと	4188
はす	4187
べん	4180
いば	4178
づけ	4171
おさ	4167
にそ	4162
るく	4154
しご	4153
じに	4151
くう	4141
んえ	4122
もり	4122
たほ	4120
ひろ	4117
てに	4116
ょっ	4112
ぱん	4112
きと	4110
とだ	4104
ちば	4100
かう	4090
もた	4089
みを	4085
のつ	4083
とら	4068
は（	4065
みる	4056
にわ	4052
とる	4026
りよ	4025
にみ	4016
かき	4009
くた	4004
にま	3996
きっ	3989
りな	3982
れら	3982
のえ	3981
はず	3979
じま	3978
もわ	3976
れ、	3974
ちで	3971
ばな	3961
ごし	3959
みつ	3956
まは	3952
うら	3951
ろー	3948
まつ	3944
しし	3940
こま	3940
ゅっ	3936
りこ	3922
ーし	3917
れー	3909
かね	3900
をふ	3897
すぎ	3895
てぃ	3891
らず	3891
にせ	3887
あき	3886
きこ	3886
とた	3886
るば	3875
がさ	3870
のの	3857
てつ	3850
はだ	3838
ばっ	3838
りた	3833
＿ぎ	3832
りも	3827
うれ	3822
とま	3817
のめ	3816
まれ	3815
きき	3813
じの	3802
いへ	3802
んわ	3799
すぐ	3795
かぶ	3795
ちら	3786
じて	3781
みず	3774
でた	3765
みが	3760
るじ	3760
きだ	3754
だれ	3742
ょの	3733
（そ	3731
くん	3731
＿べ	3730
こが	3724
さが	3724
もに	3724
くま	3723
どん	3711
さら	3693
さー	3667
にう	3666
さか	3661
じこ	3650
えば	3650
やし	3640
んあ	3638
くこ	3636
ん・	3631
たす	3629
どく	3604
にて	3602
にふ	3601
ーに	3597
をま	3596
っせ	3594
ばー	3585
むし	3582
くひ	3582
しめ	3567
きれ	3567
のど	3566
みえ	3559
りだ	3558
くっ	3558
い（	3556
きあ	3555
よね	3555
ーを	3555
あが	3553
どり	3552
んめ	3549
＿び	3542
かま	3542
さな	3525
さし	3523
たば	3521
しこ	3518
せか	3515
きさ	3515
ごく	3510
きじ	3509
たび	3508
＿ろ	3504
なれ	3499
はり	3498
みせ	3497
ろが	3496
たつ	3486
ひか	3485
どで	3482
はも	3482
らわ	3481
とど	3478
ばら	3476
さっ	3473
あく	3467
もつ	3466
がま	3464
しだ	3456
とさ	3455
いね	3454
よび	3448
（き	3440
ず、	3428
らが	3423
る、	3420
ろで	3415
えで	3407
をよ	3400
じた	3399
はひ	3399
ちし	3393
おす	3393
ゃに	3393
やか	3388
きら	3372
すで	3369
まう	3362
らう	3362
ふか	3361
もだ	3339
くつ	3337
どに	3332
ふん	3328
どは	3325
ち、	3321
まず	3319
えっ	3311
るを	3309
りっ	3303
でこ	3299
ーで	3297
のぶ	3296
どを	3296
しー	3292
たべ	3291
とれ	3288
がそ	3281
はみ	3281
みち	3278
もよ	3273
たを	3270
すし	3265
え、	3259
えを	3257
ーく	3237
をく	3233
わが	3225
ぞん	3223
きち	3222
ちな	3221
ゃか	3217
もど	3211
ぶし	3209
かす	3204
かせ	3204
め、	3202
たお	3202
れも	3201
おそ	3200
ーが	3197
なと	3192
いめ	3192
うげ	3188
なは	3183
まが	3176
っけ	3176
にが	3172
すご	3171
たで	3170
＿ら	3168
ーん	3163
をの	3161
ふり	3161
しち	3148
ょし	3146
りや	3136
じで	3135
ちま	3135
るさ	3119
れわ	3118
ひら	3116
はふ	3110
もじ	3104
むす	3104
ふう	3099
のや	3098
ぃー	3096
がふ	3094
おわ	3084
くき	3080
たあ	3077
めで	3073
こた	3072
しと	3065
＿ぱ	3065
ゃが	3063
わな	3061
ぎり	3059
かあ	3058
ずに	3057
ーは	3057
おち	3051
ぴゅ	3046
たる	3042
らき	3040
ーか	3039
だき	3039
たじ	3038
しす	3030
ょせ	3027
しさ	3022
をだ	3020
んぽ	3013
ちき	3012
への	3011
こー	3005
のむ	2999
べる	2997
もは	2995
まな	2989
えが	2987
じだ	2983
うむ	2977
だめ	2976
うあ	2974
すま	2974
べき	2966
もこ	2964
もそ	2963
しじ	2954
らも	2951
とみ	2948
らと	2947
はに	2946
とよ	2939
ふる	2938
・。	2937
ぽう	2934
がち	2934
とび	2926
めら	2923
がじ	2922
むり	2922
はで	2920
んぎ	2917
たき	2916
らを	2915
んほ	2909
ぷろ	2909
よし	2906
とち	2902
げき	2898
の（	2895
とわ	2892
ごの	2888
の、	2879
じき	2879
にむ	2878
げる	2878
しば	2877
ゆき	2876
らべ	2873
（じ	2868
なわ	2866
をな	2861
こみ	2861
すみ	2854
はよ	2853
きく	2847
なま	2846
はせ	2844
ぎの	2844
らた	2841
ろこ	2831
てを	2831
らえ	2822
だち	2817
らお	2815
すを	2806
うへ	2804
ごに	2798
あめ	2797
こい	2796
とじ	2794
くよ	2792
もで	2790
っぴ	2788
ねっ	2787
でさ	2784
やは	2782
やり	2781
まも	2780
のわ	2774
（な	2772
けの	2772
りく	2769
おー	2768
らさ	2766
てが	2764
つだ	2764
そふ	2758
ゃい	2757
をそ	2753
をえ	2746
おま	2746
をじ	2744
くあ	2743
のれ	2743
つり	2741
ぐん	2740
だ、	2734
ろっ	2732
てす	2730
ょは	2730
けま	2724
ゃし	2719
んぷ	2719
るー	2711
どが	2711
いざ	2704
いぞ	2704
がり	2698
ちろ	2694
うば	2691
ちん	2688
ぶり	2684
がや	2683
くそ	2677
つじ	2673
んお	2671
かず	2664
かこ	2662
るわ	2660
りき	2659
くご	2655
まさ	2651
のへ	2651
をせ	2647
りい	2646
いず	2646
じを	2640
らせ	2633
たわ	2630
れし	2628
おっ	2625
れす	2624
でま	2619
んぞ	2617
のゆ	2615
いぜ	2614
きみ	2614
のぼ	2613
ふつ	2612
はほ	2610
ごか	2609
みは	2609
せた	2605
（さ	2602
ーず	2599
まと	2598
んれ	2595
もき	2594
つ、	2593
とて	2590
さえ	2589
ろぜ	2583
てそ	2578
てて	2576
おみ	2572
ごじ	2570
（え	2567
とえ	2566
ちち	2565
はう	2556
ちど	2555
をや	2555
うぞ	2549
＿っ	2543
すん	2542
だよ	2529
らー	2525
れと	2520
うび	2520
みと	2519
かぎ	2517
でじ	2514
でる	2512
や、	2511
なう	2506
こか	2504
むの	2502
（た	2497
びー	2492
ぶる	2490
んぼ	2488
まか	2487
かて	2486
げつ	2485
るけ	2483
けし	2480
りお	2479
どい	2476
びと	2470
やの	2468
ちこ	2467
が・	2458
まく	2453
げて	2452
なひ	2450
がれ	2444
わく	2443
うっ	2438
ぶら	2438
みで	2434
がに	2433
びに	2433
ゃは	2431
うく	2427
ゅく	2426
でと	2426
（は	2423
らば	2419
こじ	2413
えし	2407
かち	2407
すに	2407
ぼー	2401
たひ	2400
くや	2398
じさ	2397
てじ	2397
（ま	2397
あお	2361
（わ	2356
く。	2354
でみ	2354
あ、	2352
のげ	2350
てで	2350
きお	2347
べい	2345
きほ	2344
うぜ	2343
ぴー	2334
く（	2334
と。	2331
（と	2330
めを	2330
きつ	2327
やさ	2325
だの	2324
めし	2320
きせ	2319
っそ	2313
びし	2312
じが	2309
てや	2308
よこ	2302
ひゃ	2300
ちく	2295
がめ	2294
めり	2294
てれ	2293
てほ	2290
ほか	2287
ひが	2280
はけ	2279
どら	2279
むら	2279
わの	2278
ろを	2278
ろか	2273
ぜい	2269
れど	2266
すな	2265
どれ	2265
ぐち	2264
くめ	2264
てと	2263
ふぃ	2259
らこ	2251
やめ	2249
のぞ	2245
おは	2243
えは	2241
んび	2234
ひく	2230
つさ	2224
どか	2223
なぜ	2223
れっ	2223
ゃっ	2220
そら	2218
がせ	2216
ぎゃ	2212
かよ	2207
がて	2206
ぐに	2206
ちと	2204
なあ	2201
くど	2195
やが	2194
こを	2194
めが	2189
ろは	2187
ー・	2186
がも	2184
さけ	2179
まを	2179
しみ	2178
ゆる	2177
るお	2175
つた	2175
らじ	2173
りゆ	2172
らあ	2169
けが	2163
つす	2159
ひっ	2159
やき	2158
ふじ	2158
はむ	2157
つて	2154
ずは	2151
たみ	2149
わに	2148
ごき	2146
だす	2146
に（	2130
ぶっ	2129
とけ	2126
な、	2125
をて	2124
にだ	2120
りて	2120
くえ	2119
てさ	2118
にや	2118
のね	2116
こち	2111
ぷれ	2108
るあ	2103
けに	2101
もす	2100
くぶ	2099
にめ	2099
むけ	2098
らみ	2098
でつ	2095
な。	2094
わー	2093
なつ	2093
ーぷ	2091
どっ	2090
だに	2086
けー	2085
みか	2085
だま	2084
つつ	2079
ざん	2079
かじ	2076
るす	2073
はげ	2072
らま	2072
かめ	2070
やに	2068
みあ	2065
るせ	2065
ょを	2056
がほ	2054
でく	2048
まど	2047
きけ	2044
とそ	2041
をけ	2038
ぴん	2031
る（	2029
ら。	2022
（う	2022
るべ	2021
かど	2018
どな	2017
じは	2012
どと	2011
もま	2011
わす	2006
むを	2005
ぐる	2004
たろ	2001
もえ	2000
のぎ	1999
んみ	1999
あう	1996
たさ	1994
いむ	1990
いげ	1985
どし	1980
なす	1979
きよ	1979
だり	1979
てー	1977
みだ	1975
つら	1968
がど	1966
やい	1965
おを	1965
ぎん	1965
のび	1964
ずの	1963
らむ	1960
りえ	1958
す・	1957
きす	1954
んつ	1954
ちも	1954
きめ	1951
ーぶ	1950
じじ	1949
でそ	1948
だな	1947
しけ	1946
とや	1943
けら	1943
なや	1939
かぜ	1937
がの	1930
にご	1924
ほと	1924
ゃで	1920
＿ぐ	1917
へや	1917
ずれ	1915
にど	1913
りゃ	1908
きど	1907
ふっ	1906
はて	1904
しお	1903
ささ	1901
ろぐ	1900
えか	1895
つれ	1895
かだ	1893
るふ	1892
れだ	1889
のっ	1887
きそ	1886
す（	1883
ふぉ	1883
ぷら	1883
あー	1880
ちぜ	1879
さと	1876
きー	1870
さだ	1870
ぎじ	1869
がけ	1868
ーな	1865
みや	1865
れき	1863
げた	1856
んひ	1853
むこ	1852
ちあ	1849
（だ	1849
（ち	1849
りさ	1848
わん	1847
くね	1843
んふ	1842
すは	1835
くほ	1835
てよ	1835
ごろ	1829
ぶぶ	1827
るど	1826
けは	1825
さを	1825
（に	1824
ちね	1824
ろ、	1822
もみ	1821
るて	1820
みこ	1819
んろ	1819
ごは	1818
てむ	1817
くば	1815
めま	1815
ょが	1814
でよ	1814
まー	1809
あに	1807
ばれ	1807
えり	1804
なー	1800
いび	1799
りそ	1798
ゅし	1797
ねる	1797
ま、	1796
だー	1794
ぺー	1794
＿ぷ	1793
が。	1792
れつ	1792
ょり	1790
らそ	1786
おど	1786
うぼ	1785
ーま	1785
つや	1782
おけ	1777
い・	1775
が（	1775
もさ	1775
しや	1772
ちお	1769
あそ	1769
しそ	1764
をち	1764
ふし	1760
（せ	1758
むず	1757
そっ	1757
むね	1756
ござ	1755
おじ	1754
るみ	1754
らぶ	1745
おの	1743
っど	1742
す、	1741
すっ	1741
とふ	1741
なせ	1740
つど	1740
きや	1738
がる	1736
ちだ	1734
がだ	1730
くふ	1730
つこ	1727
こび	1727
さて	1723
くべ	1721
ーび	1718
るち	1715
（ひ	1714
めな	1713
どる	1712
もが	1711
ぶの	1709
つば	1709
ばす	1705
（ふ	1702
びす	1701
はば	1701
しせ	1700
るそ	1698
にけ	1697
たぶ	1697
すり	1697
にね	1696
うざ	1695
をわ	1695
と（	1694
しず	1694
どち	1694
さぎ	1688
ほー	1687
（ほ	1685
びん	1683
もふ	1682
ふら	1681
でう	1680
ぷり	1678
せな	1676
ゃさ	1673
えみ	1672
とー	1671
はえ	1668
やる	1666
と・	1665
ごい	1663
こわ	1662
（す	1661
ちさ	1660
えす	1658
つえ	1657
（ど	1656
ゅじ	1654
もも	1654
じな	1653
をむ	1653
でひ	1652
ゃを	1651
ょか	1650
あろ	1650
ーだ	1649
こさ	1648
ふれ	1647
ら（	1646
どあ	1646
かぞ	1646
ぽー	1645
やつ	1645
のべ	1643
とろ	1643
めは	1641
をほ	1641
てっ	1640
た（	1638
たせ	1637
すわ	1637
とせ	1636
さわ	1636
じゆ	1634
そと	1631
まじ	1630
りひ	1629
け、	1628
ちほ	1626
はが	1625
じぎ	1625
う・	1620
くび	1620
げー	1618
る・	1615
ふき	1615
そな	1615
とひ	1613
ばに	1612
まあ	1611
けを	1608
どき	1607
くけ	1607
つげ	1607
げい	1605
んへ	1605
こそ	1604
たね	1602
いぐ	1600
そい	1599
べっ	1599
ぱり	1599
しど	1597
むい	1595
ずで	1591
はる	1590
ーそ	1589
けと	1587
ちぶ	1587
あど	1586
しる	1585
どろ	1585
でで	1583
どお	1579
つぶ	1579
でや	1579
ねを	1579
さに	1578
ゃと	1577
じど	1573
ねの	1562
づい	1557
おに	1553
じる	1551
ごあ	1550
もひ	1550
さの	1546
こり	1546
れび	1545
ーせ	1544
づき	1543
きろ	1543
ゅぎ	1541
きず	1535
ぎに	1534
きぎ	1533
ほけ	1532
もて	1531
き（	1527
（も	1527
すら	1527
にを	1526
てら	1522
あて	1521
てひ	1521
てわ	1521
せま	1520
つね	1519
びの	1518
おぼ	1518
そろ	1514
みら	1511
、、	1510
たう	1510
（み	1510
にー	1507
りじ	1505
じぇ	1504
うぐ	1504
のろ	1503
ょこ	1501
ばさ	1500
つご	1499
＿ざ	1494
んず	1494
ぜっ	1494
ばく	1492
らね	1485
むき	1484
あえ	1479
ちご	1478
にぜ	1476
なで	1476
て（	1475
し（	1474
くく	1474
てせ	1474
びを	1474
ちえ	1473
ぱつ	1473
ゃー	1469
えだ	1467
けだ	1466
いぷ	1464
ぁん	1456
をめ	1455
たそ	1452
でー	1451
つあ	1451
（よ	1450
づく	1449
ずし	1449
ほそ	1448
えあ	1447
べー	1446
きぼ	1446
ろな	1444
のん	1444
ちり	1442
おた	1441
ょと	1439
はめ	1439
きえ	1437
じむ	1435
ね、	1434
まこ	1433
をり	1431
みさ	1426
びじ	1419
つみ	1418
なを	1418
ずい	1416
ぶで	1415
をゆ	1414
し。	1412
もや	1411
なえ	1410
ーら	1407
らふ	1406
てど	1401
かべ	1401
にげ	1398
でせ	1398
か（	1397
ちよ	1396
じい	1393
おが	1392
びっ	1392
よか	1391
てち	1391
ぉー	1389
わず	1388
て。	1387
かば	1386
みぎ	1385
をに	1385
ーふ	1385
でわ	1383
くむ	1382
こも	1382
っす	1380
めだ	1380
っつ	1379
ろと	1374
ごり	1373
ぃす	1371
ぶか	1369
みっ	1369
でふ	1368
こら	1368
あじ	1367
うる	1367
み、	1364
うう	1363
てう	1358
こだ	1357
たず	1356
・し	1355
ほっ	1355
しげ	1354
ぼっ	1354
ゅと	1354
やこ	1351
ぁい	1348
で（	1347
にえ	1347
むと	1344
ずみ	1344
ろま	1343
とむ	1341
たれ	1339
らけ	1335
ひじ	1335
ょで	1334
はね	1334
らや	1334
くぎ	1333
でち	1331
るぎ	1330
みょ	1330
がね	1324
く・	1323
んゆ	1317
ばり	1315
なげ	1314
わざ	1314
まき	1310
ねに	1305
むに	1305
はご	1304
こす	1304
てだ	1299
りけ	1298
はの	1298
けば	1298
ずっ	1295
やな	1295
ぺん	1295
ーつ	1293
ぼえ	1291
いゆ	1289
ゃち	1284
きづ	1284
るや	1284
つ（	1283
りふ	1281
ぴょ	1281
とほ	1280
よみ	1279
か・	1278
ばで	1278
よ、	1277
でご	1277
えず	1277
ずつ	1276
らど	1275
はぜ	1272
ひだ	1269
ご、	1266
こめ	1261
にり	1261
（つ	1259
やで	1259
らめ	1259
べた	1257
てふ	1257
で。	1255
ずを	1252
ど・	1251
みす	1251
きぶ	1251
ぐみ	1251
ぼん	1250
つび	1249
うず	1247
ぎな	1246
そつ	1243
ょさ	1242
じー	1241
わき	1240
あけ	1233
でけ	1233
はー	1232
ーて	1228
ゆび	1226
ああ	1225
（け	1225
むは	1225
おる	1224
ーち	1223
さは	1222
こむ	1221
せら	1220
んむ	1218
えれ	1218
だぶ	1217
・と	1216
ぃん	1216
ねえ	1215
のら	1214
だを	1213
おつ	1208
かや	1208
づか	1204
みれ	1204
びき	1203
みみ	1201
わを	1198
るう	1197
をど	1197
らび	1197
てり	1197
ばを	1197
ぐれ	1195
ざー	1192
わさ	1191
やら	1191
のぜ	1189
はれ	1189
ばの	1187
ぶろ	1187
おば	1185
すも	1185
れぞ	1183
さす	1181
つち	1181
なめ	1181
の。	1179
ろえ	1179
だて	1179
まざ	1176
（く	1173
じけ	1172
ひの	1169
すば	1169
まけ	1168
ふぇ	1166
いぼ	1166
ふえ	1165
ぞれ	1165
やみ	1163
びも	1160
ふの	1157
（や	1155
ずが	1154
ーき	1154
のる	1151
ゆー	1149
ざま	1148
ざわ	1148
てご	1145
すむ	1145
えも	1145
ふあ	1144
ちた	1142
うべ	1140
はゆ	1140
ぎて	1139
り（	1138
もせ	1137
しわ	1137
あや	1136
じと	1135
じあ	1132
ひこ	1132
ぎし	1132
にへ	1131
（で	1130
びで	1130
ょき	1127
めも	1127
に。	1125
おひ	1124
きわ	1124
うゆ	1122
しぜ	1121
お、	1119
やと	1119
さむ	1119
ょじ	1118
なふ	1117
ぎた	1116
だく	1115
ゆめ	1115
ろも	1115
でだ	1113
ゅの	1112
じよ	1110
しぼ	1109
さる	1109
にゆ	1108
さこ	1106
なだ	1106
よさ	1104
ぶに	1102
ばよ	1101
ばこ	1099
きび	1099
らよ	1099
いぬ	1098
まね	1098
ぱそ	1096
みし	1094
めか	1093
むが	1093
ゃあ	1090
ぶく	1089
ねて	1087
ちつ	1085
じく	1083
らり	1083
・あ	1082
・か	1081
ちぇ	1080
びか	1080
ゃつ	1080
ーり	1079
ざっ	1078
ごさ	1077
たふ	1077
れこ	1076
のぱ	1076
るめ	1076
まら	1076
ちて	1070
にぎ	1069
ひど	1069
ぎを	1069
だは	1066
がゆ	1066
るっ	1065
おろ	1060
なべ	1058
わえ	1056
ちー	1055
ねつ	1055
ぶれ	1055
らち	1053
・こ	1051
らゆ	1051
なよ	1051
ごを	1049
ち（	1048
ぷの	1046
をご	1045
＿ぽ	1043
ゃら	1042
ぎる	1040
よそ	1039
ぽい	1038
くへ	1038
ふろ	1038
びる	1037
ごぜ	1035
ねむ	1034
おふ	1032
みり	1032
どま	1031
るぶ	1030
ぐり	1029
ひる	1029
やけ	1028
でど	1028
せえ	1027
じも	1027
かそ	1025
みじ	1023
じす	1023
おら	1023
つる	1023
えさ	1022
むだ	1022
よて	1021
そだ	1020
ばは	1020
らつ	1018
るえ	1016
くぜ	1014
そも	1013
つお	1012
ひさ	1012
わ。	1011
んう	1010
ーば	1009
なほ	1008
そが	1006
らぬ	1004
ざし	1003
すー	1002
ぎい	1002
ぜひ	1001
なち	999
ろよ	999
でほ	998
ょー	994
ろじ	994
びは	994
・お	993
てけ	993
（て	993
ねー	991
ょち	991
ひは	991
るり	991
ぁー	989
がむ	989
はべ	986
にば	985
にぶ	984
＿ず	983
うぃ	982
らひ	982
すじ	981
どば	980
ばた	979
だう	974
がげ	974
ぶた	974
ぎで	973
ごこ	969
のー	968
さや	968
ー、	967
びま	965
ごで	964
まご	962
せず	961
どけ	959
ーろ	959
ゆか	958
やじ	958
ぬけ	957
ぃあ	955
あせ	954
んぺ	953
ゅに	951
ごが	949
ぎか	946
へと	946
つっ	945
めさ	944
とへ	943
ーも	943
ひび	942
なぎ	941
くげ	941
ねば	941
れく	940
ごご	940
せに	939
をへ	937
ねこ	936
きご	935
さそ	934
（り	933
めっ	932
ごん	931
やせ	930
り。	929
るつ	928
ゃ、	927
ちめ	926
みも	926
とご	925
んべ	925
ねた	923
びだ	923
じみ	922
めざ	921
めと	921
よー	919
ほて	918
ぐう	916
ふさ	916
いー	915
ひい	915
ぶと	915
のぐ	914
だら	913
むで	911
も（	910
ーさ	908
まよ	908
ぷを	908
がー	907
もー	907
はぎ	906
ど。	904
じら	904
なば	902
ろだ	901
さめ	901
なそ	899
ぃっ	899
ずら	893
をで	892
のぷ	892
めぐ	891
らて	891
ろさ	889
みき	888
わと	888
ひに	888
せ、	887
ぇい	887
もけ	887
たや	886
ぶき	884
ょだ	884
きば	881
えと	880
こよ	879
よわ	879
ごめ	878
ゃる	878
にれ	878
ずき	877
じ、	876
てね	875
いべ	875
かご	874
かざ	874
ちっ	874
だつ	874
うぇ	870
ばと	869
れよ	869
ーい	868
だね	866
ぼし	864
しぎ	863
びこ	863
ろす	862
どね	862
れべ	862
てゆ	862
るら	861
ぶを	861
びた	858
つぜ	856
（へ	855
ずね	854
ぶち	852
おて	852
せの	852
ゅる	852
めつ	850
＿ぴ	848
ねい	847
び、	846
・い	846
ばや	846
きむ	845
ばが	844
ろあ	843
ろそ	843
をぬ	843
れじ	842
すぺ	840
ぶな	839
はぼ	839
りう	838
ねだ	838
そり	838
ちけ	837
そち	837
ーぱ	836
やん	836
きげ	834
たむ	834
ーざ	833
おせ	833
さげ	832
とぼ	832
じお	831
だわ	831
ぎは	830
わは	830
かふ	829
えつ	827
たへ	827
＿る	827
だそ	826
なぶ	826
こる	826
ぃる	824
ぱっ	823
かへ	823
しほ	823
ぎら	823
よば	822
なび	821
みど	820
ぐを	819
ぎが	818
のざ	818
すだ	817
もほ	817
んる	817
りみ	816
あね	815
じり	815
ゃり	814
かろ	813
なご	812
わで	812
ずる	811
ろき	810
（ご	810
あぶ	810
ぐの	809
ぷる	809
あす	808
（（	805
ゅけ	801
はへ	801
（ろ	801
ちび	799
じろ	799
たど	798
しぶ	798
がぞ	795
ぷで	792
ひし	789
でが	788
すず	788
とづ	788
・す	786
ぱな	786
あを	785
つせ	784
えこ	782
けあ	781
どよ	781
がへ	780
もむ	780
おめ	780
けも	778
さ、	776
ちす	776
あふ	776
びが	775
さで	775
くざ	774
ぬし	774
・じ	774
げな	774
だせ	773
よせ	773
（ぼ	773
すぽ	771
ゃま	771
ねは	769
・ま	767
ひめ	767
りせ	766
しひ	766
・ふ	766
げし	764
ょぞ	764
むじ	763
よめ	761
ね・	760
は。	758
ぎー	756
とげ	756
りち	756
りば	755
どす	754
うぉ	752
ら・	751
こや	751
がが	750
せが	748
ごせ	748
こつ	748
けさ	746
みよ	746
はぶ	745
ばる	744
ーえ	743
つひ	742
ほく	741
きね	741
（が	740
そび	740
ふせ	739
（ゆ	738
げら	737
はろ	736
ーこ	735
もご	735
やち	734
ごえ	733
ぺい	731
ずだ	731
はび	731
すぴ	731
ふだ	730
ごま	728
りわ	728
ばつ	727
まや	727
せす	726
わだ	726
つぼ	726
でり	726
でえ	725
せだ	724
ぜつ	724
ヴぁ	723
・き	723
やぶ	723
さよ	723
なぐ	719
おで	719
ぷに	719
さり	718
るむ	717
こき	716
でゆ	714
ーけ	711
くず	711
ばお	710
（ば	710
てば	710
じち	709
きひ	709
ー（	708
ゆっ	708
ぼり	708
ごね	707
むせ	705
ぐっ	704
べに	704
そば	704
やふ	704
さび	703
しむ	701
ぷし	700
やお	699
ぱす	699
ふに	699
でね	699
＿ぺ	699
ひよ	698
・（	697
とぞ	697
らご	696
かむ	696
だむ	696
ふゆ	696
・さ	695
をね	695
どだ	694
やあ	693
みお	693
（げ	693
れず	693
ぎも	693
ヴぃ	690
けじ	690
ふが	689
わち	689
みゅ	689
ふみ	687
ひを	687
ずな	686
れれ	686
ぴっ	685
て・	684
で・	684
ごれ	684
せを	684
ばば	683
も。	681
は・	679
ぐた	678
ろば	677
まほ	677
こへ	676
がご	675
ろせ	673
れほ	673
ーあ	672
つ。	671
くぞ	671
わめ	671
ひー	670
こて	670
えぶ	670
こば	669
ちへ	669
なぁ	668
ずお	668
べく	668
ぇっ	668
けか	667
・は	667
るね	665
あぷ	665
まぐ	664
やた	664
ゅだ	664
もろ	664
む。	663
（め	663
じせ	661
せば	660
ゆみ	659
ゅは	658
むち	657
を（	656
ぱく	656
つぞ	656
ごみ	656
やね	655
くー	654
びあ	654
でれ	653
おだ	652
もを	650
ど（	649
っぺ	649
やろ	649
やを	649
ーぐ	648
あみ	648
ゃべ	647
せー	646
でば	646
ちひ	646
まお	645
やだ	645
さあ	643
すえ	643
ひな	643
ふね	642
ま（	641
ゃす	641
とぶ	641
ざる	641
そー	640
どじ	640
ーね	640
るれ	638
ーや	637
ねら	637
すぷ	636
ゅあ	635
こぶ	635
ょ、	632
ゆえ	632
でむ	632
ぬい	631
ぐあ	630
たご	630
ちや	629
やわ	629
ごー	628
てえ	628
ちせ	628
りむ	628
びい	627
らほ	627
よの	626
らへ	626
ょる	625
すさ	624
ゃせ	624
でを	624
こ（	622
だも	622
た・	620
み（	620
だあ	620
ずう	620
ふよ	618
なて	617
だで	615
ょな	615
えよ	615
くぐ	613
どさ	613
ふそ	613
べす	612
ゃも	611
せわ	611
ほご	609
ごた	609
ざつ	609
（む	609
べら	609
あち	608
ぴあ	605
ずと	605
よや	605
ごら	605
ー。	603
やも	603
ょぶ	602
がを	602
ぐい	601
ちわ	601
せで	600
ぎと	600
ふは	600
ほぼ	600
え。	599
ふい	599
ぎっ	599
ふを	599
むく	598
むな	598
るぱ	598
たぼ	598
へお	597
ふけ	597
ろみ	595
どー	594
ばけ	594
くぼ	594
でめ	594
ごけ	593
るご	593
ばだ	593
ぐと	593
こ、	592
えー	592
おあ	592
みい	592
ゅち	592
ひで	592
りり	592
あは	591
もれ	591
がぜ	590
やど	590
ゆに	590
ね（	589
ゃじ	589
もる	589
ひざ	588
・で	588
へは	586
ーひ	585
ゅり	585
とぎ	583
やれ	583
ろふ	582
し・	581
えむ	581
ぞ。	580
わば	580
きふ	579
ーぼ	579
へき	578
ほこ	578
ねす	578
げに	578
めす	577
ひま	577
たげ	576
つほ	576
ごや	576
ぎゅ	576
しう	574
ぶが	574
もめ	574
つわ	574
ょす	573
ょゆ	573
せよ	573
き。	572
にら	572
な・	571
えふ	571
たぎ	570
だこ	570
ろへ	570
てめ	570
ろり	570
ぶじ	569
ぐで	569
るぐ	568
とね	568
をぶ	568
ゅが	567
さね	567
やや	567
ずむ	566
むさ	565
ばめ	565
ろ（	564
えね	564
ょめ	564
がば	562
ーべ	562
ぬき	561
かひ	561
こぴ	560
ごほ	560
ひた	559
つろ	559
や（	558
ゃだ	557
・な	557
そで	556
（ー	553
とゆ	552
ゆく	551
ねも	551
るび	550
にぼ	550
しね	549
じわ	549
ぷと	548
っふ	548
たぐ	547
もゆ	547
ぇー	546
ぼた	546
ゆい	545
ぷん	545
ほぞ	544
む・	543
こせ	543
ずま	543
べり	543
っぐ	542
しふ	542
がぶ	542
さぶ	542
ぽけ	541
げっ	541
んっ	541
（ね	541
よけ	540
ろ。	539
きざ	539
まみ	539
めよ	538
ろぼ	537
ええ	536
かづ	536
そぎ	535
けよ	534
きう	533
だた	532
よな	531
ぶだ	530
（の	530
びら	528
でざ	527
むよ	527
ゅよ	527
に・	526
るげ	526
ごよ	526
ずさ	525
びな	525
でら	525
ぷが	524
へっ	524
ごふ	524
ひ、	522
どめ	522
ろめ	522
じ（	520
ばそ	520
つぐ	519
をぜ	519
ぶは	519
らぎ	518
ぶさ	518
おえ	517
ーよ	517
へか	516
れあ	514
けく	514
にぞ	514
いぱ	514
ゅみ	513
ぎれ	513
げ、	511
こお	511
ぼる	511
な（	510
・た	509
ぜに	508
だる	508
ひや	507
さ。	506
まぁ	506
ば（	505
そは	504
ぇん	504
ぷー	503
ぶい	503
くゆ	503
やー	502
じえ	501
めき	501
りぐ	501
ごぞ	500
ゃう	499
へる	498
・う	497
みう	497
たゆ	497
まぎ	495
ふま	495
びゅ	495
・ち	494
ぐし	493
ごす	493
ばき	492
らぐ	492
・そ	492
＿ぞ	492
ほの	491
かほ	490
ぎま	490
（ぎ	489
うー	488
ぱら	488
・く	487
・に	487
（ぶ	487
ょも	487
さゆ	487
だお	486
でっ	485
ずく	483
あこ	483
＿ぬ	483
・え	482
ごち	482
ぎ、	481
ひも	481
ち。	479
ょ（	479
ゅで	479
るゆ	478
ぐろ	478
わ（	477
きぐ	477
ぞい	476
おざ	476
おび	476
ねま	476
ぐな	475
ぬの	475
にび	475
ふで	473
ずん	473
あで	471
なむ	471
なろ	471
ぎむ	470
ふめ	470
りめ	470
あ。	469
えく	469
もね	469
ぼろ	469
ぎわ	469
り・	468
ぎあ	468
よぶ	468
ぶや	468
がぼ	467
ゅを	467
みそ	466
ばま	466
びさ	465
さみ	465
（れ	465
ふー	464
しぇ	464
ぶひ	464
や。	463
ち・	463
はぐ	463
へた	463
ぉる	463
ふち	462
もば	462
びり	462
るず	460
そに	460
ーめ	460
てろ	460
れ。	459
・ど	459
せめ	459
けや	459
りれ	456
ぐは	455
でび	455
ごも	455
すろ	455
そ、	454
すび	454
ざき	453
・ば	453
えど	452
るろ	452
ろげ	451
りご	451
にべ	451
きへ	450
き・	449
わご	449
（ぜ	449
あべ	449
あず	448
どそ	448
ねと	448
ゃ（	447
しぬ	447
ずめ	447
ぼの	446
らぼ	445
みく	444
にぐ	444
ふす	444
りず	444
へで	444
のぽ	444
・せ	443
にょ	443
こあ	442
さお	442
ちず	442
・ほ	440
せり	440
にろ	440
ょい	439
わぎ	439
じご	439
びて	439
すぱ	439
すや	439
ねか	437
ずも	437
めこ	436
・り	436
りる	436
ーお	435
めじ	435
ばち	435
あだ	434
なね	434
どた	433
せは	432
ふや	432
ざか	431
ず・	430
わて	430
ぶど	430
をば	430
ゃや	430
あ・	429
どや	429
つん	429
ほい	428
つー	427
・け	427
れさ	427
むっ	427
ぱに	427
けび	427
・ぶ	427
しぐ	426
けす	426
ーれ	426
げを	426
め（	425
ちづ	425
げで	425
ねず	423
ゃた	423
をぼ	422
ず（	421
ばじ	421
ぐす	421
ゃけ	419
・ら	419
＿ん	419
ろや	417
めく	416
ぐさ	416
ゃめ	416
ぶー	415
すあ	415
つむ	414
ぇる	414
ぱち	412
さも	411
ばも	411
ねお	410
よき	410
どせ	410
ぜな	410
おむ	410
れそ	409
ぴつ	409
ろね	409
ょひ	409
るへ	409
ばむ	409
ずこ	407
ーっ	407
ぶも	407
（ら	406
だや	405
りび	403
がべ	403
あむ	403
も・	402
やう	402
ろお	402
ひご	402
せし	402
れや	402
めあ	401
ぇあ	400
ょほ	400
そを	400
む、	399
ひて	399
ばせ	398
つそ	398
ぷは	398
さば	398
（ぱ	398
ょ。	397
ゅえ	397
なず	397
めず	397
・だ	397
だひ	397
でぶ	397
のぺ	397
てへ	396
まゆ	396
とぐ	395
べし	395
なぞ	395
ごて	395
そめ	395
ちぎ	394
えへ	393
やゆ	393
みー	391
れぜ	391
びつ	391
しへ	391
はざ	390
さひ	390
てぶ	390
すお	389
るぼ	389
りほ	388
ちそ	387
かぐ	386
れち	386
ゃれ	386
そわ	386
そか	385
げの	385
とべ	385
てぼ	385
えろ	385
え（	384
ぐが	384
ざの	384
ちる	384
べの	383
ふこ	382
むー	381
ほお	381
ばわ	381
やそ	380
わび	380
よむ	380
らる	380
わも	379
ずや	379
ひげ	378
ずた	378
ねで	378
えぬ	378
ぇく	377
やば	377
ほり	377
ちれ	377
べま	376
へ、	375
へあ	375
ぜが	374
じね	373
ざを	373
すち	372
りね	372
（び	372
かび	372
なへ	372
つへ	371
やむ	370
まめ	370
でげ	369
がび	369
け（	368
がぎ	368
ろづ	368
るぷ	368
りへ	368
びみ	368
ずあ	366
ぬか	366
とず	366
めや	366
をが	365
もへ	365
ぐ・	364
ぜか	364
けず	364
ょて	364
よゆ	364
ぱわ	364
みご	363
ぺっ	363
・み	363
わよ	363
ゆら	362
ぎ（	361
やひ	361
でべ	361
む（	360
ょた	360
ろど	360
とぱ	360
びく	359
ゅら	359
ずり	359
りろ	359
なづ	358
ゆの	358
ーみ	358
わゆ	358
さず	357
ろぱ	357
かゆ	357
ざり	357
ゃ。	356
むぺ	356
ちみ	356
びよ	356
れぐ	355
まへ	355
あゆ	355
ゅか	354
だじ	354
わね	354
ねし	353
むぶ	353
やほ	353
よぼ	353
けむ	352
げさ	351
っじ	351
みぶ	351
とぅ	350
げか	350
ろけ	350
ぷす	350
むて	350
がろ	350
せく	349
せと	349
りぬ	349
ぎや	349
ょお	348
ゆた	348
よら	348
だだ	347
（べ	347
つ・	346
しゆ	346
むぎ	345
ょね	345
へら	345
けお	344
はぞ	344
りぶ	344
（・	343
れお	343
じば	343
らら	343
ばふ	342
わ、	340
ぶこ	340
ぎち	340
へも	340
じや	340
きゆ	340
じひ	339
け。	338
あご	338
ほじ	338
ーわ	338
じ。	337
べか	337
ほえ	336
せけ	336
ざと	336
よと	336
どみ	336
べな	335
でへ	335
やぎ	334
りぎ	334
ひそ	334
じれ	334
をげ	333
ぎだ	333
どひ	333
るる	333
ゆれ	333
ゃお	332
みわ	332
ぺき	331
るぞ	331
げだ	331
ヴぇ	330
てぜ	330
ぜの	330
わま	330
れみ	330
ぶす	329
すひ	329
うぱ	328
はぱ	328
めろ	328
ねぇ	327
ふな	327
ひみ	326
ぎろ	326
ぶ、	325
よご	325
ぽっ	325
ちぱ	325
ねり	325
むれ	325
ず。	324
ざす	323
ろて	323
げが	322
こづ	322
べと	322
そぼ	322
をぎ	321
ごだ	321
めち	321
ふど	321
でぼ	321
ふて	320
てげ	319
ゅた	319
りど	318
もげ	317
でぜ	317
ごそ	317
をべ	317
どわ	317
ぼで	316
めば	316
やえ	315
ぎさ	315
ぎせ	315
ねな	315
けき	314
でぱ	314
べも	314
ぐま	313
ぎつ	312
すほ	312
みゃ	312
えや	312
・れ	312
よ（	311
だみ	310
ぱと	309
・ひ	309
ちべ	309
・わ	309
ーヴ	308
てぎ	308
せぐ	308
ねじ	308
そそ	308
ぬま	308
ねあ	307
ごな	307
よほ	307
むも	307
すそ	306
・ぱ	306
ぉん	306
ちう	305
けち	305
ざに	305
を。	304
ずけ	304
ぼす	304
むた	304
こね	304
ょば	304
にぱ	304
ぁ、	303
とぜ	303
ゃね	303
だふ	303
ゆず	302
ぼに	302
ゃこ	301
のず	301
ちふ	301
らざ	300
えじ	300
ぬれ	300
ゅせ	299
んぬ	298
ぞき	297
ゆだ	297
こぼ	297
りぼ	296
ぞえ	295
ゃき	295
らぜ	295
みぞ	295
あぱ	295
つゆ	295
・ご	294
みね	294
はぷ	294
ろご	293
とざ	293
ぬす	293
びひ	293
・も	293
でゅ	293
ごる	292
ぽす	291
しび	291
じげ	290
やて	290
ごひ	290
びび	290
びや	290
・ろ	290
にざ	289
すせ	289
ばひ	289
わじ	288
うぷ	288
せも	288
こぎ	287
ぱた	287
びち	287
よは	287
ずひ	287
ひふ	287
ゅも	287
そえ	286
らげ	286
ゅさ	286
ぎけ	285
もぜ	285
ごつ	285
まひ	285
ぶよ	285
よお	284
でぐ	283
わこ	283
・て	283
びわ	283
ほね	282
ほあ	281
やげ	281
どふ	281
どほ	281
けみ	281
ほら	281
ろ・	280
ばろ	280
ぶそ	279
けね	279
ぷく	278
なゆ	278
ずじ	277
てべ	277
ぶ（	276
おご	276
ほす	276
ぽり	276
べ、	275
るぜ	275
せね	275
ぼれ	275
むろ	275
まぶ	274
（ぷ	274
ょま	274
ばう	273
・が	273
ょけ	273
むそ	273
まて	273
いづ	272
わや	271
おゆ	270
をれ	270
げは	269
もぼ	269
せれ	269
ずす	268
＿ヴ	267
がぐ	267
ぃず	267
すふ	267
ご（	266
まげ	266
りげ	266
ーぜ	266
でろ	266
だ（	265
けこ	265
やご	265
あざ	265
もぶ	265
ーほ	265
ぞら	265
はを	265
ふべ	264
ぽろ	264
ぜで	263
さぽ	263
へむ	263
じぜ	262
にぷ	262
ゃわ	262
ぶ。	261
わむ	261
りぞ	260
ろび	260
どへ	260
・ぼ	260
すぶ	259
みほ	259
むや	259
わわ	259
（ざ	258
ろた	258
どつ	258
どて	258
びお	257
どぐ	257
せさ	257
ぶぬ	257
へり	257
・よ	256
んー	255
いヴ	255
ぶあ	255
ぱね	255
てび	255
べれ	255
ょろ	255
ょぎ	254
あび	254
ぐか	253
たづ	253
さべ	253
ぞ、	252
ーげ	252
さち	252
こべ	252
もぐ	251
れぬ	251
ふぼ	251
にゃ	251
ぼと	250
やよ	250
りら	250
らろ	250
ーご	249
よだ	249
きぬ	249
もび	249
ぶみ	249
ょよ	249
さ（	248
さじ	248
あば	248
けり	248
ねく	247
ごむ	247
ねぎ	246
えび	246
そる	246
ーう	245
にぬ	245
なざ	244
ゆし	244
ざら	244
よに	243
おぶ	243
づよ	243
よれ	243
びえ	242
たぱ	242
ぃり	242
せろ	242
さほ	240
め。	239
でぎ	239
ひけ	239
ゅな	239
べは	239
・び	239
つふ	239
ーへ	239
ほほ	239
ざめ	239
ぬく	238
ぐこ	238
りざ	238
ゅふ	238
ちげ	237
やざ	237
ぇに	237
おげ	236
・べ	236
じそ	235
ゆで	235
ぷう	234
ぢか	234
ゅき	233
・げ	233
ゃへ	233
てづ	232
んづ	232
そぶ	232
みろ	232
び（	231
ぬが	231
ぐも	231
おぐ	230
まぜ	230
ぼら	230
こけ	229
ぶせ	229
ぐつ	229
ずふ	229
ぐや	229
ほる	229
ねさ	228
くぱ	228
さぐ	227
ぃに	227
じ・	226
もぎ	226
げす	226
だぞ	226
ぷた	226
ぁっ	226
ぎこ	225
お（	224
ちぐ	224
こふ	224
わう	223
（ぐ	222
ぐだ	222
・つ	222
ごぶ	222
ぱれ	222
よ・	221
ばど	221
ょや	221
ぜる	221
へて	219
ゃど	219
ゃよ	219
がず	218
さた	218
へつ	218
っは	218
だほ	218
ゃほ	218
めれ	218
ぼち	217
どぶ	217
ほめ	217
べが	216
やへ	216
ほさ	215
びせ	215
ぷな	214
・ぷ	214
あほ	214
ろわ	214
の・	213
よた	213
ひば	213
まふ	213
ぃし	212
ほろ	212
れ（	211
よぎ	211
のぬ	211
ちぺ	211
づら	211
っ、	210
み。	210
ぶ・	210
ごっ	210
・め	210
ふも	210
ぐわ	210
よち	209
ゃば	209
むま	209
とぷ	208
けめ	208
・や	208
げよ	208
ろざ	207
えち	207
ろち	207
ぬっ	207
がぱ	207
ばみ	207
ほも	207
ばえ	206
・ぎ	206
めお	205
てぐ	205
まそ	205
むる	205
びそ	204
よま	203
げみ	203
をろ	203
ぼい	202
おぷ	202
ぎみ	202
ぬり	202
だえ	201
わあ	200
ひえ	200
わお	200
ぴか	200
ゆが	200
びけ	200
くづ	200
らづ	200
ばね	200
でぷ	200
ぞみ	200
ゆり	200
けう	199
ごへ	199
もべ	199
ぇす	198
ゅす	198
ふぞ	198
わへ	198
ぁみ	198
まむ	198
ゆを	198
ぼつ	197
めど	197
ぱの	197
つべ	197
ぬ。	196
ぁと	196
ろひ	196
ゃぶ	196
めせ	195
じへ	195
にる	195
びれ	195
ぎす	194
えそ	194
ざ・	193
ぬこ	193
がぬ	193
けぶ	193
ぐ、	192
ざけ	192
ぼさ	192
にず	192
とぴ	192
のぴ	192
ふ・	191
さど	191
ゅど	191
ぜ、	190
どど	190
にぴ	190
ぜー	189
ゅい	189
よす	189
ごど	189
ひゅ	189
ゃえ	188
みけ	188
ざせ	188
へし	187
じほ	187
ぞむ	187
ひれ	187
ぷか	186
たざ	186
たぷ	186
ぜを	186
どご	185
・へ	185
こ。	184
ぜら	184
ぷさ	183
ぱし	183
まぬ	183
ごば	183
まば	183
なぼ	183
べを	183
ぼか	182
べさ	182
ぽじ	182
ひす	182
ぉず	182
をぱ	182
かぼ	182
せみ	182
ぺる	182
ずぼ	181
ぱる	181
ぷ・	180
れぎ	180
がざ	180
えせ	180
ぃぶ	180
そよ	180
ゅれ	180
ほわ	180
ざが	179
ぼは	179
りべ	179
きぞ	178
をぞ	178
ぃな	178
・の	178
すぼ	178
ごお	177
みひ	177
みへ	177
しべ	177
ぇり	177
ぴき	176
たぜ	176
ぬと	176
むほ	176
みゆ	176
ひり	176
おぎ	175
ぃの	175
ゃぱ	175
ーゆ	175
ぺら	175
げと	173
ねね	173
こぷ	173
ばへ	173
ぃが	172
ょそ	172
たぬ	172
えお	171
ぎお	171
ぎく	171
っず	171
ほに	171
れひ	171
みふ	171
がぽ	171
ぶま	171
・ゆ	171
ほゆ	171
ぎう	170
ぷち	170
るヴ	169
でず	169
れぽ	169
めみ	169
らヴ	168
ひお	168
むひ	168
あも	168
むあ	167
・ぐ	167
おぞ	167
うづ	167
すど	167
ょへ	167
ま・	166
せお	166
ぬぐ	166
へび	166
ふわ	166
さう	165
ゅこ	165
ゅざ	165
ざは	165
れふ	165
ぼが	164
ぐそ	164
・ね	164
ゃみ	164
どむ	164
せ。	163
げ（	163
ゅ（	163
ぼけ	163
ちぢ	163
ま。	162
ぁ・	162
ぃお	162
つず	162
けそ	162
じふ	162
ばて	161
ぼな	161
をぷ	161
れゆ	161
こ・	160
ょざ	160
すつ	160
りづ	160
そま	160
ぶえ	159
ねき	159
そざ	159
ひぜ	159
たぞ	159
むつ	159
ぽの	159
なぱ	159
ふお	158
ほき	158
・ざ	158
ずせ	158
まぼ	158
さろ	158
やぐ	157
ゅほ	157
げり	157
むえ	156
ぼこ	156
ずば	156
すへ	156
ぞー	155
ずえ	155
せぎ	155
はぬ	155
ひね	155
ゅび	155
ぐ（	154
ざえ	154
ぽく	154
ぷっ	154
むぱ	154
ずー	153
ぽに	153
べび	153
ぎふ	153
ぜ。	152
えぎ	152
だげ	152
ふご	152
ろず	152
ずそ	152
てぷ	152
なぷ	152
ずほ	152
ゅや	152
ヴぉ	151
ぞご	151
けひ	151
びぶ	151
ちぼ	151
ゃむ	151
げれ	151
ゅわ	151
ば・	150
ふぐ	150
をぐ	150
きぜ	150
ぷだ	150
ぽを	150
もず	149
ごべ	149
よを	149
ばぐ	148
ぐね	148
ちぴ	148
くぷ	148
むべ	148
おぺ	148
ぞま	148
ねや	148
だ・	147
ひ（	147
ねう	147
えご	147
こご	147
ぶず	147
だぜ	147
ろむ	147
こゆ	147
ちゆ	147
けわ	147
ぁぜ	146
ぞの	146
どぼ	146
へこ	145
びざ	145
てぬ	145
らぱ	145
ごわ	145
むげ	144
こず	144
りぷ	144
えほ	144
はぽ	144
ぐき	143
しざ	143
ぬは	143
ーぴ	143
じぷ	143
・る	143
ヴ・	142
でぬ	142
をび	142
はぴ	142
びふ	142
めそ	141
ゃそ	141
ざで	141
りぴ	141
ばほ	141
ぴり	141
ほれ	141
ゃ・	140
ふ（	140
げく	140
ほで	140
かぱ	140
わふ	140
るぺ	140
ば。	139
ーぎ	139
つざ	139
てぱ	139
へひ	139
じび	139
げも	139
じぞ	138
（ぴ	138
せぶ	138
ぐー	137
れえ	137
ちむ	137
ぅー	136
どえ	136
ふざ	136
ぱふ	136
わみ	136
ぬよ	136
ぶお	135
ほが	135
ぬえ	134
ろほ	134
だゆ	134
ぃ・	133
けご	133
るざ	133
ぐせ	133
れね	133
こひ	133
あぴ	133
ばぶ	133
ざみ	133
ょ・	132
ぺし	132
ろつ	132
ぼき	131
ずぐ	131
わぐ	131
づな	131
どぷ	131
おべ	131
びゃ	131
ざや	131
ぁ。	130
ゃぐ	130
へす	130
てず	130
ゅて	130
ゃふ	130
ゃろ	130
ご・	129
ぽか	129
そべ	129
いぺ	129
ぁる	129
ぼを	129
よが	128
へく	128
ぱぱ	128
やび	128
へま	128
びろ	128
ぐお	127
ぃく	127
ひづ	127
がぷ	127
ぎへ	127
どべ	127
おほ	127
けろ	127
むお	126
をず	126
あづ	126
ふむ	126
お・	125
ぺあ	125
よあ	125
そお	125
へだ	125
ぽど	125
ふほ	125
やぼ	125
ぇら	125
ぬん	125
ょげ	124
ちぞ	124
わぬ	124
ーぺ	124
びほ	124
ずよ	124
（る	124
ぬる	124
かぬ	123
ねび	123
らぷ	123
ふへ	123
ゅ、	122
べあ	122
そす	122
ひせ	122
づつ	122
どぱ	122
ろろ	122
ずぎ	121
そさ	121
せざ	121
てざ	121
・っ	121
ぱで	121
ぷも	121
・、	120
じう	120
ゆと	120
ぐよ	120
ぷ、	119
、。	119
ゅ・	119
ゃぎ	119
あぐ	119
こぞ	119
へな	119
ぃは	119
あひ	119
おへ	119
にぽ	119
ろぽ	119
ょみ	119
そや	119
をら	119
・ヴ	118
ゃて	118
べで	118
ほを	118
ひあ	117
どげ	117
ふふ	117
・ぺ	117
（ぽ	117
ろれ	117
ょあ	116
ゃご	116
もざ	116
せじ	116
ぶて	116
ぜと	116
えめ	116
むめ	116
どぎ	115
ぃと	115
・む	115
ぬを	115
っ。	114
ゃず	114
・ぜ	114
ぜは	114
えひ	114
いぴ	114
ぬら	114
ぽる	114
わろ	114
み・	113
りヴ	113
そた	113
しづ	113
がぴ	113
せげ	112
ゃざ	112
ゆす	112
ょぜ	112
しぴ	112
へう	111
ぃえ	111
ぜこ	111
だご	111
さざ	111
（ず	111
ずち	111
ひち	111
ごび	111
さぷ	111
るぽ	111
すげ	110
せこ	110
ばご	110
けせ	110
ぞっ	110
ずど	110
きべ	110
べや	110
ぴを	110
（。	109
せ（	109
げこ	109
ぜそ	109
びば	109
ふび	109
やべ	109
よも	109
ぎよ	109
づれ	109
ぇ。	108
ぼお	108
めひ	108
とぽ	108
ずわ	108
むん	108
ご。	107
ろぎ	107
ぞけ	107
ぷじ	107
ほせ	107
ぃで	107
もぱ	107
むふ	107
・ぽ	107
ろら	107
ぞろ	107
そ（	106
ぴす	106
ちぬ	106
ろべ	106
け・	105
ぴた	105
ぃら	105
ぃを	105
ぱを	105
どぅ	104
びう	104
めえ	104
えけ	104
ぶけ	104
びど	104
ぇね	104
・ぴ	104
ろぶ	104
かぷ	104
そむ	104
ぼや	104
べよ	104
え・	103
ぎき	103
せど	103
ぶほ	103
ぎぼ	103
いぽ	103
お。	102
あ（	102
めう	102
づめ	102
よじ	101
ぽて	101
ちぷ	101
れへ	101
ふ、	100
うぬ	100
ごぱ	100
ゅひ	100
よげ	99
むご	99
げじ	99
ばず	99
ぁに	99
ゆは	99
だぷ	99
ょぼ	99
ーぽ	99
まろ	99
へ。	98
むば	98
もぷ	98
（ぺ	98
へえ	97
そけ	97
ぬじ	97
ぐて	97
ぶね	97
だば	97
れり	97
ぞか	96
そせ	96
よつ	96
づま	96
ゅめ	96
ばゆ	96
ぱう	95
ぶう	95
ざく	95
えぐ	95
ぽで	95
やぱ	95
ねぶ	95
ぜみ	95
へみ	95
れむ	95
ぞめ	94
ぴら	94
べろ	94
めご	93
へそ	93
ふひ	93
えぴ	93
ずぶ	93
どゆ	93
ぷい	92
べえ	92
みぐ	92
ばぜ	92
ぺだ	92
りぽ	92
ろゆ	92
ねれ	92
ざ（	91
つぇ	91
ぃき	91
へさ	91
こざ	91
ざな	91
（ぬ	91
ぅぱ	91
ざひ	91
なぽ	91
せや	91
ぷや	91
えわ	91
わ・	90
せあ	90
ぞお	90
ぱが	90
ぱけ	90
さご	90
ぬご	90
どぜ	90
ぃた	90
ぽつ	90
ぐめ	90
ぐ。	89
ぷ（	89
だび	89
ぇふ	89
へふ	89
むへ	89
づみ	89
げや	89
れ・	88
そあ	88
えう	88
むざ	88
ょど	88
へに	88
どび	88
ぶべ	88
そみ	88
ぞよ	88
へよ	88
づり	88
むど	87
ほは	87
ぐば	87
ぃふ	87
けふ	87
とぺ	87
げろ	87
ぇ・	86
げお	86
そぐ	86
ゆこ	86
へご	86
あぜ	86
ふぜ	86
ぱて	86
ねふ	86
にぺ	86
むぼ	86
ょら	86
ゅろ	86
め・	85
ばげ	85
しぞ	85
よど	85
みば	85
ょふ	85
ぇぶ	85
ゅへ	85
のヴ	84
ぃか	84
ぷき	84
だぐ	84
ゆげ	84
ぐじ	84
そじ	84
みぢ	84
ほび	84
ぱ（	83
むう	83
じぐ	83
ゆそ	83
ゃび	83
ばべ	83
ざこ	82
ざさ	82
おず	82
ぉと	82
へれ	82
。、	81
ぬー	81
さ・	81
や・	81
れう	81
こげ	81
ゅご	81
ぁす	81
こぜ	81
れめ	81
ぬも	81
ぴく	80
べせ	80
まぞ	80
ぇで	80
ぬに	80
あへ	80
うぽ	80
ぼま	80
ぴお	79
けざ	79
かぴ	79
きぺ	79
さぼ	79
ぱろ	79
ぷあ	78
こぐ	78
ぐず	78
おぜ	78
ほち	78
ねづ	78
みづ	78
ぞと	78
くぬ	78
ぇの	78
べば	78
さふ	78
ぶふ	78
ぱき	77
ちざ	77
ねそ	77
ぴそ	77
へち	77
ぽと	77
めふ	77
たぽ	77
ぐく	76
よで	76
だど	76
わひ	76
るぴ	76
せふ	76
ぺれ	76
ぜあ	75
けけ	75
ずご	75
もぬ	75
ざぶ	75
こほ	75
だぼ	75
あぽ	75
ゆ（	74
ょえ	74
ぎご	74
っご	74
ぽし	74
みぜ	74
ぃて	74
ぼね	74
りぱ	74
せぷ	74
ぶへ	74
ぽら	74
れけ	73
りぜ	73
ぎそ	73
そね	73
れぶ	73
くぺ	73
でぽ	73
ぜり	73
ぃぎ	72
ぷこ	72
そご	72
せそ	72
（ぞ	72
ぷて	72
とぬ	72
てぽ	72
なぃ	71
れせ	71
そて	71
ぴの	71
ずび	71
でぴ	71
ゅぶ	71
よべ	71
はぺ	71
ぇこ	70
ほぜ	70
よぞ	70
ねち	70
だづ	70
ずべ	70
ぐほ	70
ざむ	70
ろる	70
ざあ	69
ひぐ	69
めけ	69
ぐげ	69
せち	69
ゆな	69
さぬ	69
せぬ	69
ひほ	69
をぽ	69
てゅ	69
ふ。	68
びぎ	68
だざ	68
べじ	68
すぜ	68
わそ	68
もぞ	68
まぢ	68
ーぬ	68
たぴ	68
れろ	68
ぬぎ	67
ぼそ	67
みぬ	67
ずへ	67
あよ	67
ぃれ	67
ぃけ	66
びご	66
ょご	66
じざ	66
ばざ	66
れざ	66
ぜて	66
ぱは	66
ぐふ	66
みむ	66
をー	65
ぃじ	65
っだ	65
ひひ	65
びへ	65
ゆさ	64
ぷそ	64
わど	64
けぬ	64
びね	64
ぃま	64
ねよ	64
ゅ。	63
れヴ	63
げあ	63
ぜき	63
ねけ	63
ねご	63
をざ	63
ぱせ	63
ぉっ	63
ねど	63
ゃひ	63
ぷふ	63
ぎぶ	63
だべ	63
けほ	63
けぼ	63
ぼみ	63
すゆ	63
び・	62
ずぃ	62
ぴが	62
ぱさ	62
めぶ	62
けへ	62
びめ	62
ぼ、	61
ひ・	61
ぜ（	61
さぞ	61
ぜだ	61
ずて	61
ぐど	61
じぬ	61
みべ	61
たぺ	61
れぼ	61
むみ	61
ゆん	61
ぷ。	60
えヴ	60
ぼ（	60
かぁ	60
ぼあ	60
ねぐ	60
びげ	60
らぞ	60
ぺで	60
くぴ	60
をぴ	60
だへ	60
ぁべ	60
みめ	60
ごゆ	60
ぬう	59
けげ	59
ぎぜ	59
ぜた	59
まづ	59
ふぶ	59
えぷ	59
ゃぷ	59
ぎほ	59
めぼ	59
ぜま	59
ゆ、	58
ぎ。	58
ぎえ	58
べお	58
めぎ	58
ぎざ	58
ろぞ	58
ほな	58
ざね	58
くぽ	58
ぎ・	57
むぐ	57
ゆけ	57
げざ	57
ぽた	57
づち	57
わつ	57
めね	57
あぼ	57
ごぼ	57
ぎめ	57
ひわ	57
ぬ、	56
を・	56
ふぎ	56
ほた	56
ぼだ	56
ぎね	56
てぴ	56
めほ	56
ひぼ	56
ねみ	56
ゆや	56
ほ、	55
べ。	55
けえ	55
よえ	55
だぎ	55
ぴし	55
ゃぜ	55
むぞ	55
かぢ	55
＿づ	55
ぐひ	55
げひ	55
ぽぴ	55
ぬほ	55
ゆあ	54
ぜお	54
ぶざ	54
ぜし	54
でぞ	54
べだ	54
っっ	54
げど	54
ろぬ	54
ぁの	54
ぽは	54
さへ	54
びぼ	54
ぐむ	54
ぉれ	54
び。	53
ぃヴ	53
ぁぁ	53
ぱじ	53
ぴに	53
ぎば	53
らぴ	53
ぼぶ	53
やぷ	53
らぺ	53
じぼ	53
ぬや	53
ぁろ	53
ぉろ	53
ヴん	53
べ（	52
ぽが	52
ぶげ	52
ぞこ	52
べご	52
てぞ	52
ゅね	52
きぱ	52
ざべ	52
ゅま	52
ぺり	52
（、	51
あぁ	51
つぃ	51
ばぎ	51
ぐぐ	51
ゃげ	51
れご	51
ぷせ	51
ぬで	51
ぎぬ	51
まび	51
ろぷ	51
まべ	51
へめ	51
ぶわ	51
ぁく	50
えざ	50
ぱだ	50
ぶば	50
ぬひ	50
ひぶ	50
きぷ	50
つぷ	50
げぼ	50
ざも	50
ゆも	50
へゆ	50
ぴる	50
ざ、	49
はぁ	49
ぁな	49
ぴは	49
らぽ	49
つぁ	48
ぬお	48
ひぎ	48
ぐざ	48
ぴざ	48
やぜ	48
ぼど	48
ぞな	48
っひ	48
ねひ	48
せび	48
ょび	48
おぴ	48
うぺ	48
もぽ	48
ぢめ	48
ぞや	48
ほや	48
ぁり	48
ぱ、	47
（ヴ	47
はヴ	47
しぃ	47
ゅお	47
へじ	47
むぜ	47
るぬ	47
ぃび	47
ごぷ	47
せへ	47
げえ	46
ぴち	46
べち	46
ばづ	46
べね	46
まぱ	46
ろぺ	46
ぜも	46
ぇろ	46
ぞを	46
ぃ。	45
くぉ	45
ざお	45
そげ	45
すざ	45
ぼせ	45
げそ	45
すぞ	45
ぽち	45
にづ	45
もぴ	45
わぶ	45
じべ	45
ぽぽ	45
ほま	45
ぼも	45
ぱか	44
びぐ	44
ぜせ	44
ざだ	44
ぬだ	44
げば	44
そひ	44
よふ	44
ゅべ	44
めめ	44
ぷよ	44
むわ	44
ぅ・	43
ぁう	43
ぐえ	43
よぉ	43
ほぐ	43
めげ	43
ぱこ	43
ぼじ	43
ゃぞ	43
ゅぞ	43
ぴな	43
じぱ	43
ぐび	43
そぷ	43
ゃぼ	43
ゆむ	43
ぜわ	43
ぬあ	42
ぶぎ	42
づこ	42
ぴて	42
やぬ	42
ぃね	42
ねぼ	42
ぽも	42
ぴろ	42
ぬ・	41
あヴ	41
とヴ	41
ひう	41
ごげ	41
ぇと	41
ぱど	41
おぬ	41
ぞは	41
ぐぶ	41
ぷぺ	41
っほ	41
ぶゆ	41
んん	41
ぞが	40
そき	40
ずげ	40
げず	40
ぎぞ	40
ぷつ	40
ぬふ	40
へほ	40
ぴゃ	40
ぬわ	40
（ん	40
ほ（	39
けぐ	39
ぷぐ	39
ぼぜ	39
ぺた	39
ぞに	39
ヴの	39
ぎひ	39
ばび	39
ぱぶ	39
りぺ	39
をぺ	39
えぼ	39
かぽ	39
づる	39
ぺろ	39
そヴ	38
ざじ	38
ねせ	38
ょつ	38
むづ	38
へば	38
ほば	38
しぱ	38
しぷ	38
ぼへ	38
ょむ	38
ざれ	38
へわ	38
だぁ	37
ぺく	37
べこ	37
おづ	37
めづ	37
へど	37
ぺな	37
ぁは	37
ぃば	37
つぱ	37
うぴ	37
なぴ	37
でぺ	37
ぷほ	37
ぢみ	37
むむ	37
ぃも	37
ぜや	37
ぎゆ	37
けゆ	37
よよ	37
ぇれ	37
ひ。	36
かヴ	36
でヴ	36
たぁ	36
ぁか	36
よぐ	36
ねざ	36
ぺす	36
ぎず	36
ぱず	36
ひず	36
ぃそ	36
えぞ	36
んぢ	36
ぬな	36
なぬ	36
ゆば	36
ざへ	36
ぺむ	36
ぶめ	36
ぷめ	36
ずゆ	36
めわ	36
しヴ	35
んヴ	35
ごぎ	35
ずぜ	35
ざた	35
ぃち	35
げち	35
ろぴ	35
むぷ	35
せぼ	35
ぢゃ	35
ふゅ	35
ぽ、	34
ゅげ	34
ぽさ	34
みざ	34
ゅぜ	34
ぬた	34
ぴで	34
ざふ	34
ぜふ	34
ばぷ	34
ぐへ	34
ねへ	34
てぺ	34
ぐぼ	34
ぷま	34
めむ	34
ゅむ	34
すょ	34
ぼよ	34
をを	34
さぁ	33
れげ	33
ぞし	33
ぜじ	33
びぜ	33
みび	33
ゆぶ	33
ぐぷ	33
ひへ	33
けべ	33
ばぼ	33
こぽ	33
ゆ・	32
びぃ	32
ぴえ	32
ぽき	32
けぎ	32
ざぐ	32
ぺこ	32
せぞ	32
ばぬ	32
ほふ	32
ぷへ	32
ぴぺ	32
つぽ	32
ゆま	32
へろ	32
せ・	31
ぁ（	31
あぎ	31
ごぐ	31
ぴぐ	31
ぁそ	31
ぎづ	31
ぼて	31
ぞで	31
ぉど	31
ぎど	31
ざば	31
ふば	31
れぷ	31
ゅぼ	31
やぽ	31
ほむ	31
ぃ、	30
ぴい	30
ょぐ	30
ぐけ	30
ぇし	30
だず	30
ぃだ	30
ぺと	30
ぽな	30
ぉに	30
ゅば	30
びぷ	30
っへ	30
へへ	30
ちぽ	30
ぱむ	30
ぼむ	30
ぱも	30
むゆ	30
ぅる	30
ずろ	30
ねろ	30
ゆわ	30
ぺを	30
そ。	29
おヴ	29
たヴ	29
じぃ	29
っが	29
べぎ	29
ぶぐ	29
べず	29
ーぞ	29
ぐづ	29
こぬ	29
つぬ	29
ざび	29
めへ	29
ぐべ	29
わべ	29
ほみ	29
ぴれ	29
ねわ	29
・を	29
ぁあ	28
ぷお	28
ふず	28
ゅそ	28
・ぞ	28
ぜね	28
ぷば	28
ぼび	28
ゃぴ	28
っぶ	28
へぶ	28
わほ	28
ぢま	28
ぃめ	28
せゆ	28
めゆ	28
へー	27
ぬ（	27
ゃぁ	27
りぃ	27
ぁが	27
みげ	27
ぐご	27
ぶご	27
ほだ	27
ぇは	27
ぐぱ	27
こぱ	27
よひ	27
ぶぷ	27
がぺ	27
びゆ	27
ほよ	27
ょれ	27
ぇ、	26
っ（	26
ぱあ	26
ざう	26
せう	26
ぁお	26
ぷけ	26
べけ	26
せご	26
ぜさ	26
ぇじ	26
どぞ	26
ぇだ	26
ばぱ	26
ばぴ	26
ぃむ	26
ぴも	26
えゆ	26
をる	26
ぁれ	26
ぁを	26
げ。	25
っ・	25
ぃ（	25
いぇ	25
げぐ	25
ほげ	25
ぬさ	25
どず	25
びず	25
よぜ	25
ぶぞ	25
ぽだ	25
のづ	25
ぺて	25
そど	25
めび	25
げふ	25
ぱま	25
っら	25
ぽれ	25
ぃぃ	24
ふげ	24
ぁし	24
ゆじ	24
べそ	24
ぁた	24
ぬち	24
ゆち	24
ぴと	24
づね	24
ずぱ	24
ぷぱ	24
れぱ	24
ぇぽ	24
ひゆ	24
ぉり	24
すヴ	23
ぞ（	23
ぇぇ	23
ぱお	23
ぽお	23
ぇが	23
ざぎ	23
ぉく	23
じず	23
ざそ	23
ひぞ	23
っで	23
ヴに	23
ぺに	23
どぬ	23
べひ	23
やぴ	23
せべ	23
ゃぺ	23
そほ	23
みぼ	23
ねめ	23
ぽや	23
ヴゅ	23
わぁ	22
づえ	22
ぐぎ	22
ぅく	22
ぬげ	22
ぼご	22
ぇざ	22
そぞ	22
めぞ	22
づた	22
こぢ	22
やづ	22
ぞて	22
ぁで	22
ぴど	22
おぱ	22
ぁま	22
ぇま	22
ひむ	22
ぃや	22
ぱや	22
そゆ	22
ぜよ	22
ぁら	22
ぉ。	21
そ・	21
ろヴ	21
ぉあ	21
ぺが	21
ぱげ	21
ゆざ	21
げせ	21
けづ	21
ぺの	21
めぱ	21
せひ	21
むび	21
べへ	21
ぱほ	21
わぼ	21
どぽ	21
せむ	21
ゆゆ	21
ぃよ	21
ざよ	21
ぴよ	21
ぴ、	20
へ（	20
けぁ	20
＿ぃ	20
くぅ	20
ぃう	20
めぇ	20
ぉぉ	20
へが	20
ぁき	20
ぞぐ	20
やず	20
へせ	20
へぜ	20
びぞ	20
わぞ	20
ぞだ	20
ほつ	20
ぬて	20
・ぬ	20
びぬ	20
ゆね	20
ぼば	20
げび	20
わぷ	20
びべ	20
こぺ	20
やぺ	20
ゃぽ	20
ねゆ	20
ぢら	20
ぢん	20
ぴ（	19
やぁ	19
ぜえ	19
ぽこ	19
せせ	19
ゆせ	19
わぜ	19
えづ	19
じづ	19
るづ	19
みぱ	19
ぼひ	19
れぴ	19
えべ	19
へぼ	19
きぽ	19
むぽ	19
ヴり	19
ょわ	19
ほ。	18
げ・	18
にヴ	18
ぉい	18
どぉ	18
ぎぐ	18
へけ	18
どざ	18
ぜず	18
わづ	18
ぇな	18
めぬ	18
ぬば	18
せぱ	18
ぼふ	18
なぺ	18
ねほ	18
ぷみ	18
げめ	18
ぜめ	18
ぐゆ	18
ぅり	18
ヴを	18
ぱ・	17
ぽ（	17
ぅい	17
ふぅ	17
おぉ	17
ぜく	17
えげ	17
わげ	17
ぷご	17
ぃさ	17
ぃざ	17
ほざ	17
ぜす	17
ぃせ	17
えぜ	17
そぜ	17
めぜ	17
やぞ	17
ぺち	17
りぢ	17
づて	17
けぱ	17
だぱ	17
ぶび	17
どぴ	17
ずぷ	17
ほへ	17
ぃべ	17
どぺ	17
せほ	17
ぬぼ	17
えぽ	17
ぱみ	17
げむ	17
ぼめ	17
ぃゆ	17
べゆ	17
っり	17
ぞる	17
べ・	16
っい	16
のぉ	16
ぜご	16
ぞさ	16
ゅず	16
ばぞ	16
ぜち	16
てぢ	16
づっ	16
ぃど	16
ぬど	16
あぬ	16
だぬ	16
ぞね	16
づの	16
ぽぷ	16
そへ	16
もぺ	16
げほ	16
ぶぼ	16
ぶむ	16
づも	16
ぞり	16
をん	16
ぞ・	15
ぼ・	15
ばぁ	15
いぃ	15
きぃ	15
ぺぐ	15
ぁけ	15
づし	15
へず	15
ぷぜ	15
（っ	15
さづ	15
ゃづ	15
ぷど	15
ぅな	15
っば	15
さぱ	15
ぱひ	15
ぱぴ	15
ぽぶ	15
よへ	15
しぺ	15
ぱぺ	15
べほ	15
ぼほ	15
びむ	15
っめ	15
ぬめ	15
ぞも	15
ゃゆ	15
ざ。	14
くヴ	14
ぱヴ	14
ぇ（	14
＿ぁ	14
ぞあ	14
げう	14
＿ぇ	14
てぇ	14
ぺか	14
ぴこ	14
ぞじ	14
ぬせ	14
ぐぜ	14
けぜ	14
ぞそ	14
ざち	14
すづ	14
ねぱ	14
そぴ	14
ぞふ	14
ぷぶ	14
かぺ	14
ぬみ	14
ざゆ	14
ぢれ	14
づわ	14
・ー	13
へ・	13
うヴ	13
ずヴ	13
なヴ	13
ゃぃ	13
ぉう	13
ぷえ	13
ぎぎ	13
ぉぐ	13
っざ	13
ぁじ	13
ぽせ	13
ぁだ	13
もづ	13
れづ	13
ねぬ	13
げね	13
びぱ	13
ゆふ	13
ぷぷ	13
ぺぷ	13
ざほ	13
ぼぼ	13
ぽま	13
ぜむ	13
ぽめ	13
ざろ	13
へを	13
どヴ	12
へヴ	12
ぜう	12
ぁえ	12
へぎ	12
ぃぐ	12
ぅけ	12
ざざ	12
ぷざ	12
ぴじ	12
せぜ	12
ぬそ	12
ぐぞ	12
ぁち	12
ぇち	12
ほづ	12
ざど	12
ぺど	12
ゆど	12
すぬ	12
ょぬ	12
ぶぱ	12
ゆぱ	12
ぎび	12
きぴ	12
せぴ	12
ぁぶ	12
けぷ	12
げへ	12
ぱへ	12
ょべ	12
ぃほ	12
ぃぽ	12
ごぽ	12
しぽ	12
ぬむ	12
ぉめ	12
ぁよ	12
ぱよ	12
ぅん	12
ぽ。	11
ぉ・	11
ぴ・	11
しぁ	11
みぃ	11
べう	11
ぱえ	11
ゆぐ	11
ぜけ	11
ぜげ	11
ぁこ	11
・ず	11
ぶぜ	11
ずぞ	11
がづ	11
はづ	11
ぉで	11
へね	11
ぉの	11
ぞば	11
ぷひ	11
ほひ	11
ぅふ	11
げぶ	11
まぷ	11
ぽへ	11
ぐぺ	11
だぺ	11
ねぽ	11
ぃみ	11
ぇも	11
ぞわ	11
ぱ。	10
がヴ	10
こヴ	10
ゅヴ	10
がぁ	10
くぃ	10
すぅ	10
えぇ	10
せぇ	10
でぇ	10
ぢえ	10
ぇか	10
ヴが	10
ぜぎ	10
げけ	10
ぴけ	10
ぃこ	10
ざご	10
ヴし	10
ぺじ	10
ぇず	10
ざぜ	10
べぜ	10
ねぞ	10
＿ぢ	10
ぃつ	10
ぇて	10
べど	10
ヴな	10
ぃひ	10
ぜぴ	10
ねぴ	10
ぜぶ	10
ぬぶ	10
ねぷ	10
じぺ	10
ぜほ	10
べみ	10
ぁむ	10
ぴや	10
ゆよ	10
ぢり	10
ぉわ	10
ぷわ	10
ぇを	10
ぼ。	9
ゆ。	9
っー	9
ぶヴ	9
めヴ	9
もヴ	9
やヴ	9
らぁ	9
ぽあ	9
ぁぃ	9
ちぃ	9
ヴい	9
うぅ	9
もぅ	9
ぎげ	9
ぷげ	9
げご	9
ぉし	9
ぞす	9
ぁず	9
ぞた	9
ぬつ	9
ーづ	9
びづ	9
ヴで	9
ぅで	9
ぢで	9
ずぬ	9
ぁね	9
ぺね	9
ぜば	9
ぺぱ	9
ぬび	9
ぁふ	9
めべ	9
ゆべ	9
ばぺ	9
ばぽ	9
ぇみ	9
ぁや	9
＿ょ	9
ヴろ	9
ぃろ	9
・ん	9
ゃヴ	8
づ（	8
ぐぁ	8
れぁ	8
ぅあ	8
かぃ	8
がぃ	8
すぃ	8
ぃい	8
＿ぅ	8
ぅぅ	8
ぽぉ	8
っお	8
ぉか	8
ぷぎ	8
ぢこ	8
ぃご	8
ゆご	8
ぁさ	8
ぅす	8
ずず	8
ょず	8
けぞ	8
なぢ	8
（づ	8
でづ	8
どづ	8
ざて	8
ゆて	8
ぅと	8
ぜど	8
ヴは	8
ぎぱ	8
ざぱ	8
ゅぱ	8
ぁひ	8
じぴ	8
だぴ	8
まぴ	8
ぽふ	8
ぱぷ	8
ゅぷ	8
ぎべ	8
ぃぼ	8
ざぼ	8
ぜぼ	8
ぐぽ	8
じぽ	8
だぽ	8
っま	8
ぇむ	8
っる	8
っろ	8
ぽわ	8
